app_name,rcv_com.google.firebase.iid.firebaseinstanceidreceiver,srv_com.google.android.gms.measurement.appmeasurementservice,perm_android.permission.read_phone_state,srv_com.google.android.gms.ads.adservice,prv_com.google.android.gms.ads.mobileadsinitprovider,rcv_androidx.work.impl.background.systemalarm.constraintproxy$storagenotlowproxy,srv_com.google.android.gms.auth.api.signin.revocationboundservice,perm_android.permission.change_wifi_state,act_com.facebook.facebookactivity,used_requestnetwork,activity_started,has_fatal_exception,read_contacts,access_location,total_packets,unique_dest_ips,frequent_beaconing_detected,avg_packet_size,max_packet_size,min_packet_size,avg_flow_duration,flow_entropy,max_inter_arrival_time,label
com_az_choosecabs,1,1,0,0,0,0,0,0,0,0,0,0,0,0,8.087025470667701,2.5649493574615367,1,9.421046666486848,11.088476294450215,3.044522437723423,0.017706168792182,0.8866495412459872,2.27856429645852,0
com_appgenix_bizcal,0,1,0,0,0,1,0,0,0,0,0,0,0,0,7.875119281040293,2.5649493574615367,1,9.202952540666193,11.088476294450215,3.8918202981106265,0.0218459127614448,0.9475865086807772,2.338332772524197,0
com_apnatime,1,1,1,0,0,1,1,0,0,0,0,0,0,1,7.889459149404524,2.833213344056216,0,9.345344812378787,11.088476294450215,3.8918202981106265,0.0210693103964548,0.931736677227566,2.570299638914371,0
com_apple_android_music,1,1,0,0,0,1,1,1,0,0,0,0,0,1,8.22121009392507,2.3978952727983707,1,9.624534546996644,11.088476294450215,3.044522437723423,0.0161589278385162,0.8795858383245323,2.1832879251963364,0
com_atpc,1,1,0,1,1,1,1,0,0,0,0,0,0,1,8.077136638538454,2.3978952727983707,0,9.542010255636209,11.088476294450215,4.110873864173311,0.0172492898607957,0.8527801019917226,2.958404068937013,0
com_appmind_radios_in,1,1,0,1,1,1,0,1,0,0,0,0,0,1,8.169336395928386,2.4849066497880004,0,9.633127575943853,11.088476294450215,3.8918202981106265,0.015774280081766,0.8717374789591149,2.526934162801121,0
com_bd2videocall_randomvideocall,1,1,0,0,0,0,1,1,1,0,0,0,0,0,7.716460800176355,2.079441541679836,0,9.455664169887736,11.088476294450215,3.8918202981106265,0.0248488458647421,0.8101006885458935,3.557698101076071,0
com_babyorgano_store,1,1,0,0,0,1,1,0,1,0,1,0,0,1,8.020270472819238,2.302585092994046,0,9.400025439826788,11.088476294450215,4.110873864173311,0.0197484237221998,0.8999870412510598,2.9846704568944955,0
com_app_uengage_lapinoz,1,1,0,0,0,1,1,0,1,0,0,0,0,1,8.598220030058611,2.4849066497880004,0,9.773918888481717,11.088476294450215,3.8918202981106265,0.010428284854821,0.80935126283641,2.516316084250981,0
com_app_barsys,1,1,0,0,0,1,1,0,0,0,0,0,0,1,8.027802848370312,2.4849066497880004,0,9.52199938832858,11.088476294450215,3.8918202981106265,0.0198142293231756,0.8311393085543209,2.517968202105676,0
com_audible_application,1,0,1,0,0,1,1,1,0,0,0,0,0,1,8.970177815492379,2.302585092994046,1,9.86241252710832,11.088476294450215,3.8918202981106265,0.007349357546832,0.7688223676605218,2.5679561325928426,0
com_apalon_weatherradar_free,1,1,0,1,1,1,0,0,0,0,0,0,0,0,8.783855896643942,2.19722457733622,1,9.806041669502584,11.088476294450215,3.8918202981106265,0.0092474470881296,0.7264862814191267,2.8538429121129,0
com_bd5videocall_randomvideocall_globalcall,1,1,0,1,1,1,1,0,0,0,0,0,0,0,7.796880342783522,2.079441541679836,0,9.4901064607526,11.088476294450215,4.110873864173311,0.0243764943269719,0.8009767771090965,2.81199289541478,0
com_bhive_workspace,0,0,0,0,0,0,1,0,0,0,0,0,0,0,7.875499292445208,2.302585092994046,0,9.397515171354858,11.088476294450215,3.8918202981106265,0.0226203405919226,0.8267777618352405,2.9612486385197125,0
com_bets_airindia_ui,1,1,0,0,0,1,1,0,0,0,0,0,0,1,8.451694209183541,2.3978952727983707,0,9.794606477522567,11.088476294450215,3.044522437723423,0.0119560953681034,0.7877376298520036,3.5009162525720123,0
com_amazon_sft_rangoli_seller_app,1,1,1,0,0,1,0,0,1,0,0,0,0,0,8.212839584676484,1.9459101490553128,0,9.63540126499212,11.088476294450215,4.110873864173311,0.0112098377776777,0.7202359650820191,2.0215381464721864,0
com_beansprites_emmasworldtownandfamilyFREE,0,0,0,1,1,1,0,0,0,0,0,0,0,0,8.60337088765729,2.302585092994046,0,9.725401535098444,11.088476294450215,3.8918202981106265,0.0104289644034196,0.8585833600749967,2.4901195319594427,0
com_asteria_hubble_handbookx,1,0,0,0,0,0,1,0,0,0,0,0,0,1,8.148734808937169,2.3978952727983707,1,9.443736266038144,11.088476294450215,3.044522437723423,0.0162937336643711,0.8796113103832424,2.331655036194268,0
com_application_zomato,1,1,1,1,0,1,1,1,1,0,0,0,0,1,8.633552992532433,2.6390573296152584,0,9.700944864218648,11.088476294450215,3.8918202981106265,0.0100514435035701,0.8683424221426792,2.2307853946608662,0
com_app_abhibus,1,1,1,0,0,1,1,0,1,0,0,0,0,1,8.203851372183879,2.70805020110221,0,9.393995057274374,11.088476294450215,3.044522437723423,0.0158586000875852,0.928905209326791,2.104929057253802,0
com_athermobileapp,1,1,1,0,0,1,1,1,0,0,0,0,0,1,8.692322277628687,2.772588722239781,1,9.710032050018928,11.088476294450215,3.8918202981106265,0.0102503425491454,0.8852469661434312,2.3398178597463573,0
com_aqi_data,1,1,1,0,0,1,1,1,1,0,0,0,0,0,7.902857191280582,2.19722457733622,1,9.486488552804165,11.088476294450215,3.8918202981106265,0.0214124520608755,0.817491482773344,2.508897131028585,0
com_app_tripple,1,1,1,0,0,0,1,0,1,0,0,0,0,1,7.974532844130228,2.6390573296152584,0,9.280281933876294,11.088476294450215,3.8918202981106265,0.0208754985759071,0.9960450217785176,2.3230618015614506,0
com_audiomack,1,1,0,1,1,1,1,0,1,0,0,0,0,1,8.443761913330354,2.302585092994046,0,9.709561293338655,11.088476294450215,3.8918202981106265,0.0125879347925259,0.8102069496671822,3.467976202477553,0
com_pm_ambanimatkad,1,1,0,0,0,0,0,0,0,0,0,0,0,0,7.766416898019656,2.079441541679836,1,9.654010090392836,11.088476294450215,3.8918202981106265,0.0232437345997722,0.7839229608880461,3.0493469203936536,0
com_policybazaar,1,1,1,0,0,1,1,0,0,0,0,0,0,1,8.233503140233994,2.079441541679836,1,9.81243738137364,11.090614254734977,3.8918202981106265,0.0160083687720074,0.7900284325151334,2.9583346218113435,0
com_pixlr_express,1,1,0,1,1,1,1,0,1,0,0,0,0,1,8.330381569349418,2.19722457733622,0,9.829329338909607,11.088476294450215,3.8918202981106265,0.0144886275506197,0.800711991202299,3.044621614934107,0
com_playhome_plus,0,0,0,0,0,0,0,0,0,0,0,0,0,0,9.284055409798464,1.9459101490553128,0,9.906376686004602,11.088476294450215,3.044522437723423,0.0044788684735055,0.7041054190435979,3.3280062440486247,0
com_randomchat_camtocam_onlinevideocall_livetalkvideocall,0,0,1,1,1,1,0,0,0,0,0,0,0,0,7.213031659834869,2.079441541679836,0,9.44425800425685,11.088476294450215,3.8918202981106265,0.0425169747809067,0.7892227294013201,3.585487443139487,0
com_pratilipi_mobile_android,1,1,1,1,1,1,1,0,1,0,0,0,0,1,7.506591780070841,2.19722457733622,0,9.683860282988777,11.088476294450215,3.8918202981106265,0.0315526557993595,0.869870505755959,3.578686729982421,0
com_pratilipi_comics,1,1,0,0,0,1,1,0,1,0,0,0,0,1,7.071573364211532,2.079441541679836,1,9.496860554742218,11.088476294450215,3.8918202981106265,0.0477229859027517,0.9118362335438148,3.280938396928881,0
com_photo_android_camera,0,0,0,1,1,1,0,0,0,0,0,0,0,0,8.4040244933106,1.9459101490553128,0,8.717366549150235,11.088476294450215,4.110873864173311,0.0125972868264884,0.8177013544595134,3.8006650774031714,0
com_probadosoft_moonphasecalendar,0,1,0,1,1,1,0,0,0,0,0,0,0,1,7.242797922793756,2.079441541679836,0,9.599327633104542,11.088476294450215,3.044522437723423,0.041044229389463,0.8845019445253146,2.9335599667335117,0
com_railyatri_in_mobile,1,1,1,1,1,1,1,0,0,0,0,0,0,1,7.753194269884341,2.079441541679836,0,9.76032130727228,11.088476294450215,3.044522437723423,0.0242625018024383,0.7994915698094363,3.36967416805976,0
com_pocketfm_toons,1,1,1,1,1,1,1,0,1,0,0,0,0,1,8.424858580213442,1.9459101490553128,0,9.859509506974993,11.088476294450215,3.8918202981106265,0.0088656439570009,0.7410087129529365,3.1143327613280323,0
com_rapido_passenger,1,1,1,1,1,1,1,0,0,0,0,0,0,0,7.55171221535131,2.079441541679836,1,9.662364930283015,11.088476294450215,3.044522437723423,0.0317619273479319,0.8076542561800507,2.990648376134964,0
com_pocketfm_tv,1,1,1,1,1,1,1,0,1,0,0,0,0,1,8.815518423966498,2.19722457733622,1,9.887316301983272,11.088476294450215,3.044522437723423,0.0085123558450876,0.7355329489378983,2.955435707410901,0
com_qidian_Int_reader,1,1,0,1,1,1,1,0,1,0,0,0,0,0,8.495560891289124,2.079441541679836,0,9.877414474817218,11.088476294450215,3.8918202981106265,0.0118973760932327,0.7221331479277233,3.6953657691145954,0
com_rails_red,1,1,1,1,1,1,1,0,1,0,0,0,0,1,8.336630087637147,1.9459101490553128,0,9.768011412973678,11.088476294450215,4.110873864173311,0.0144438095236182,0.7706117457666483,3.877276743442187,0
com_poncho_eatclub,1,1,1,0,0,1,1,0,1,0,0,0,1,1,8.12296471523406,2.19722457733622,1,9.887874626084113,11.088476294450215,3.8918202981106265,0.0173955567503044,0.8225565674442747,2.60622225903126,0
com_radio_fmradio,1,1,0,1,1,1,1,0,1,0,1,0,0,1,8.057060681965766,2.19722457733622,1,9.858068969193315,11.088476294450215,3.8918202981106265,0.0183372336884786,0.7810144956548799,2.9616138977826227,0
com_plexapp_android,1,0,0,0,0,1,1,0,0,0,0,0,0,1,8.004365564979574,2.079441541679836,0,9.764269974997946,11.088476294450215,3.8918202981106265,0.0195241955382376,0.8325349585902464,3.160911744508952,0
com_raincan_android_hybrid,1,1,1,0,0,1,0,0,0,0,1,0,0,1,7.555905093611346,2.19722457733622,0,9.649388998752052,11.088476294450215,3.8918202981106265,0.0296795965363077,0.8679649161240561,3.0523705115343747,0
com_pixverseai_pixverse,1,1,1,0,0,0,1,0,0,0,0,0,0,1,7.974188669286011,1.9459101490553128,0,9.861183654610604,11.088476294450215,3.8918202981106265,0.0193481806992746,0.7591495415562034,3.659177128370719,0
com_recz_android,1,1,1,0,0,1,1,0,1,0,0,0,0,1,7.52294091807237,2.079441541679836,0,9.69664956395339,11.088476294450215,3.8918202981106265,0.0243024044273596,0.8204298583409136,3.254212658708946,0
com_rcub_rclub,1,1,0,0,0,0,1,0,0,0,0,0,0,0,8.10349427838097,1.9459101490553128,1,9.862229759589956,11.088476294450215,3.8918202981106265,0.0175659104841098,0.7281969093260414,3.3546706092975924,0
com_radio_pocketfm,1,1,1,1,1,1,1,0,1,0,0,0,0,1,8.98281222234415,2.19722457733622,0,9.935328228507876,11.088476294450215,3.8918202981106265,0.0072124822367472,0.7530322623263722,2.829859304902197,0
com_rajasthanroyals_app,1,1,0,0,0,0,1,0,1,0,0,0,0,1,7.253470382684528,2.19722457733622,0,9.376111955571284,11.088476294450215,3.8918202981106265,0.0405833666048408,0.9071320912473704,3.086981536629714,0
com_bsbportal_music,1,1,1,1,1,1,1,1,0,0,0,0,0,1,8.75115798136203,2.833213344056216,0,8.436104860492243,11.088476294450215,3.8918202981106265,0.0097437627453867,0.8458680506224703,0.4063846630118243,0
com_cam001_selfie361,1,1,0,1,1,1,1,0,1,0,0,0,0,0,9.54108193388841,2.4849066497880004,0,9.576374076346434,11.088476294450215,3.8918202981106265,0.0044594760624482,0.7472970869384679,0.4072773535487781,0
com_cabbazar_user,1,1,1,0,0,0,1,0,1,0,0,0,0,1,8.7787879291047,2.772588722239781,0,8.686150902373056,11.088476294450215,3.8918202981106265,0.0094713369751358,0.8370791431225116,0.4076946954675512,0
com_bumble_app,1,1,1,1,1,1,1,1,1,0,0,0,0,1,9.0300168178449,2.3978952727983707,0,9.216429973280198,11.088476294450215,4.110873864173311,0.0073777229269191,0.7701522523580133,0.4073260603475825,0
com_cardinalblue_piccollage_google,1,1,0,1,1,1,0,0,0,0,0,0,0,1,8.486940148245216,2.3978952727983707,0,9.723122797482022,11.088476294450215,3.8918202981106265,0.0118220642813276,0.8073148432091019,2.9489049868057875,0
com_cricbuzz_android,1,1,0,1,1,1,1,0,1,0,0,0,0,1,7.698029170272805,2.3978952727983707,0,9.373428980301894,11.088476294450215,3.8918202981106265,0.0266855235809735,0.8963482546008756,2.82345607532721,0
com_bt_bms,1,1,1,1,1,1,1,1,1,0,0,0,0,1,8.901911226379612,2.833213344056216,0,8.849100771230132,11.088476294450215,3.8918202981106265,0.0083293923211127,0.8260756366353836,0.4076055629426532,0
com_casttv_castforchromecast_screencast,1,1,0,1,1,1,0,1,0,0,0,0,0,0,8.19478163844336,2.19722457733622,0,9.740205380431917,11.088476294450215,3.8918202981106265,0.0153801015372984,0.7665359206008361,3.208370241929695,0
com_circular_pixels,1,1,0,0,0,1,1,0,0,0,0,0,0,1,8.006700845440367,2.302585092994046,0,9.5885233280846,11.088476294450215,3.8918202981106265,0.0194240088353785,0.8363224637635237,3.219064129205087,0
com_coindcx_btc,1,1,0,0,0,1,1,0,0,0,0,0,0,1,8.929170383139624,2.19722457733622,0,9.842376635695633,11.088476294450215,3.8918202981106265,0.0074497798569703,0.7665354097565302,2.9511899257017693,0
com_catalinagroup_callrecorder,1,1,1,1,1,1,1,0,1,0,0,0,0,1,7.797291273547472,2.6390573296152584,0,9.368469563517731,11.088476294450215,3.044522437723423,0.0231624622657332,0.9639524959299623,2.722926733648324,0
com_chatrandom_strangerchat_randomchat,1,1,0,1,1,1,1,0,1,0,0,0,0,0,8.114025442356757,2.5649493574615367,0,9.502095947813247,11.088476294450215,3.8918202981106265,0.0175401125232605,0.9003329185245892,2.702948275074048,0
com_collabow,1,1,0,0,0,1,1,0,0,0,0,0,0,1,7.844632644464681,2.4849066497880004,0,9.156887781677923,11.088476294450215,3.8918202981106265,0.0239056742394747,0.944371783462908,3.386772780575188,0
com_camerasideas_trimmer,0,1,0,1,1,1,0,0,0,0,0,0,0,1,8.324093761450404,2.5649493574615367,1,9.517166783815384,11.088476294450215,4.110873864173311,0.0146657803124142,0.8762938036917928,2.3244856165330603,0
com_cleartrip_android,1,1,1,0,0,1,1,0,0,0,0,0,0,1,8.047189562170502,2.5649493574615367,0,9.449655024196378,11.088476294450215,3.044522437723423,0.0186128341222713,0.8990204912363913,2.441028956265063,0
com_booking,1,1,1,0,0,1,1,0,0,0,0,0,0,1,9.505320746909074,2.4849066497880004,0,9.484108984929264,11.088476294450215,4.110873864173311,0.0046673386112474,0.7429669342613138,0.4072096043170594,0
com_candelalabs_devbytes,1,1,0,0,0,1,1,0,0,0,0,0,0,1,7.505492274737424,2.302585092994046,0,9.045583257003482,11.088476294450215,3.8918202981106265,0.0315980196032332,0.8796782851373782,2.7655751225166427,0
com_codifi_goodwill,1,1,1,0,0,1,0,0,0,0,0,0,0,0,8.11522197256233,2.302585092994046,0,9.611448394100671,11.088476294450215,3.8918202981106265,0.0168627075694927,0.7882929150247937,2.7656264868701004,0
com_comuto,1,1,0,1,1,1,0,0,1,0,0,0,0,1,8.797095076549056,2.302585092994046,1,9.811632824563166,11.088476294450215,3.044522437723423,0.0092610392430012,0.7900146429381629,3.195710855099812,0
com_confirmtkt_lite,1,1,1,1,1,1,1,0,1,0,0,0,0,1,7.86403565907245,2.3978952727983707,0,9.33414245612921,11.088476294450215,3.8918202981106265,0.0219046894440797,0.9298707653182976,3.0020061582743423,0
com_brave_browser,1,0,0,0,0,0,0,0,0,0,0,0,0,1,9.669030241321645,2.70805020110221,0,9.610555475344682,11.088476294450215,3.8918202981106265,0.0039486970995972,0.7447914450141055,0.4073619146509277,0
com_camerasideas_instashot,1,1,0,1,1,1,1,0,0,0,0,0,0,1,9.20673387638207,2.4849066497880004,0,9.18067607947737,11.088476294450215,3.044522437723423,0.0062404119717161,0.7755168266413359,0.4074824772150334,0
com_chowman_ordering,1,1,0,0,0,0,1,0,0,0,0,0,0,1,8.169336395928386,2.4849066497880004,0,9.498338166537168,11.088476294450215,3.8918202981106265,0.0159140205961534,0.8909572179342905,2.72531732781266,0
com_cleanapp,0,0,0,0,0,0,0,0,0,0,0,0,0,0,8.241703159729818,2.19722457733622,0,9.581765642531227,11.088476294450215,3.8918202981106265,0.0147891544240964,0.798068821264935,2.6132475317418367,0
com_bigbasket_mobileapp,1,1,1,0,0,1,1,0,1,0,0,0,0,1,10.135709767783542,2.772588722239781,0,8.21650677079986,11.088476294450215,3.8918202981106265,0.0024201283070001,0.7758378588511966,0.9954619591263988,0
com_syst_tufeelive,1,1,0,0,0,0,0,0,0,0,0,0,0,0,7.461640392208575,2.19722457733622,0,9.093834467536468,11.088476294450215,3.8918202981106265,0.0336052749141177,0.7601815496220263,2.855462906733091,0
com_spotify_music,1,0,1,0,0,1,1,0,1,0,0,0,0,1,8.555259392222693,2.302585092994046,0,9.81619118141818,11.088476294450215,3.8918202981106265,0.0114806807137748,0.7818332692041354,3.037625566740039,0
com_sweetkaram_shopifyapp,1,1,0,0,0,1,1,0,1,0,0,0,0,0,7.893945138235959,2.302585092994046,0,9.574040176982448,11.088476294450215,3.8918202981106265,0.0210866776217591,0.7606961602269262,3.126766149238205,0
com_snapchat_android,1,0,1,0,0,1,1,1,0,1,1,0,1,1,9.158520623246384,2.3978952727983707,1,9.819916629921789,11.088476294450215,3.8918202981106265,0.0046821313411247,0.7648655983885309,2.281419679635538,0
com_suntv_sunnxt,1,1,1,1,1,1,1,1,1,0,0,0,0,0,8.079927770758275,2.6390573296152584,1,9.551943299088128,11.088476294450215,3.044522437723423,0.016577575696872,0.929225411612805,2.287365155996544,0
com_todoist,1,1,0,0,0,1,1,0,1,0,0,0,0,1,8.033334015880062,2.19722457733622,0,9.679538276680605,11.088476294450215,3.044522437723423,0.0166237082572935,0.780691298372857,3.1129819252906312,0
com_thinkdirty_thinkdirtyapp,1,1,0,0,0,0,1,0,1,0,0,0,0,1,7.774435510302958,2.302585092994046,1,9.429450839176106,11.088476294450215,3.8918202981106265,0.0241674185347063,0.8079268241853365,3.155191380228312,0
com_sinyee_babybus_townprincess,0,1,0,1,1,1,1,0,0,0,1,0,0,0,8.763584409450138,2.19722457733622,0,9.894410000019445,11.088476294450215,3.8918202981106265,0.0057519182171129,0.7265275682454246,2.686311616156468,0
com_tayasui_sketches,0,1,0,1,1,1,1,0,0,0,0,0,0,0,8.615408238913192,2.19722457733622,0,9.82722801433732,11.088476294450215,3.8918202981106265,0.0107587949349949,0.7179030294539025,2.855550191715528,0
com_teleparty_android,1,1,0,0,0,0,1,0,0,0,0,0,0,1,7.540621528657152,2.079441541679836,0,9.235417141348709,11.088476294450215,3.8918202981106265,0.0291099595559078,0.8147525088885097,3.04503473612227,0
com_splendapps_splendo,0,1,0,1,1,1,1,0,0,0,0,0,0,0,7.793586803371584,2.3978952727983707,1,9.049563226962126,11.088476294450215,3.8918202981106265,0.0246898636990707,0.8555033351062427,2.391958052458459,0
com_talker_acr,1,1,1,1,1,1,1,0,0,0,0,0,0,1,7.709756864454165,2.3978952727983707,0,9.475621591367222,11.088476294450215,3.8918202981106265,0.0258510051371329,0.8390132820251751,3.584493046160356,0
com_tapastic,1,1,0,1,1,1,1,0,1,0,0,0,0,1,8.175829008714597,2.079441541679836,0,9.684958023596472,11.088476294450215,3.044522437723423,0.0165154438545036,0.7738187510905618,2.745773772533715,0
com_square_enix_android_googleplay_mangaup_global,1,1,0,0,0,1,0,0,0,0,0,0,0,1,7.732807530422021,2.302585092994046,1,9.30815965673268,11.088476294450215,3.8918202981106265,0.0256053914767093,0.8554093674055626,3.13635637002449,0
com_tinder,1,0,1,1,1,1,1,1,1,0,0,0,0,1,9.352360631996612,2.302585092994046,1,9.8781969581534,11.088476294450215,3.8918202981106265,0.0047781600187012,0.741376934641049,2.424930868548868,0
com_tocaboca_tocalifeworld,0,1,0,0,0,0,0,0,0,0,0,0,0,0,10.48952268439944,2.079441541679836,0,9.959126988569198,11.090187028191608,3.8918202981106265,0.0015599562027345,0.6931073867455627,3.517164223511138,0
com_spinny_consumer,1,1,1,0,0,1,1,0,1,0,0,0,0,1,8.209580483475577,2.19722457733622,0,9.576079785390393,11.088476294450215,3.044522437723423,0.0114550856236139,0.7714461251933686,2.2528957963554705,0
com_substack_app,1,0,0,0,0,1,1,0,0,0,0,0,0,1,8.193953023563742,2.19722457733622,1,9.60872669789744,11.088476294450215,3.8918202981106265,0.0155035424481261,0.7791831299744664,2.847553968483399,0
com_soundcloud_android,1,1,1,1,1,1,1,0,0,0,0,0,0,1,8.80071662871916,2.19722457733622,0,9.819321768297335,11.088476294450215,3.8918202981106265,0.0087076723982355,0.7596662322346036,3.7807257105016623,0
com_tawaf_hurryapp,1,1,0,0,0,0,1,0,1,0,0,0,0,1,8.155649270366002,2.079441541679836,0,9.686455457613246,11.088476294450215,4.110873864173311,0.01048936939604,0.7662176736590356,3.001213878960221,0
com_streema_simpleradio,1,1,0,1,1,1,0,0,1,0,0,0,0,0,7.65491704784832,2.302585092994046,1,9.442913486030196,11.088476294450215,3.044522437723423,0.0277837480155401,0.8003115788081685,2.488072382117154,0
com_studioeleven_windfinder,1,1,0,1,1,1,1,0,0,0,0,0,0,1,7.495541943884256,2.3978952727983707,0,9.139432004745965,11.088476294450215,3.8918202981106265,0.0336517994604397,0.913574384057802,2.6342096694850063,0
com_textmeinc_freetone,1,1,1,1,1,1,1,1,0,0,0,0,0,0,9.18440698994968,2.3978952727983707,0,9.874039926501634,11.088781997339964,3.8918202981106265,0.0057610783548161,0.7405473509497825,3.037243876278659,0
com_syst_tuitionapp2,1,1,1,0,0,0,1,0,0,0,0,0,0,0,7.569927655242652,2.079441541679836,1,9.248466227437834,11.088476294450215,3.8918202981106265,0.0300208097850572,0.8033092333367585,2.630148266796561,0
com_thaidigitalplatform_tagthai,1,1,0,0,0,0,1,0,1,0,0,0,0,1,8.824236617346639,2.302585092994046,0,9.90151101247421,11.088476294450215,3.044522437723423,0.0091380435134182,0.7518612143154875,3.161890109899554,0
com_suno_android,1,1,0,0,0,0,0,0,0,0,0,0,0,1,7.895436006942965,2.079441541679836,0,9.548478481278348,11.088476294450215,3.8918202981106265,0.0168022333953831,0.7836244893843588,2.834355880150753,0
com_starbucks_in,1,1,1,0,0,1,1,1,0,0,0,0,0,1,8.236155661683124,2.19722457733622,0,9.779912127469723,11.08933202714711,3.8918202981106265,0.0161075171190376,0.7932598652109166,2.9975671869896603,0
com_ng_labs_markers,0,0,0,1,1,1,0,0,0,0,0,0,0,0,7.561121589530238,2.302585092994046,1,8.50790826224722,11.088476294450215,3.8918202981106265,0.0313742569139534,0.8038210648702337,3.330052768197875,0
com_newreading_meganovel,1,1,0,1,1,1,1,1,1,0,0,0,0,0,8.03268487596762,2.19722457733622,0,9.397574897188866,11.088476294450215,3.044522437723423,0.018911319086771,0.8335572284368351,3.040848843290468,0
com_mydygz_mvpapp,1,0,0,0,0,0,1,0,1,0,1,0,0,0,8.714731714015052,2.19722457733622,1,9.719630491403716,11.088476294450215,3.8918202981106265,0.0096877748301058,0.7576839245061969,3.165675744252339,0
com_newleaf_app_android_victor,1,1,1,1,1,1,1,0,1,0,0,0,0,1,8.323608442343572,2.3978952727983707,0,9.52494148614048,11.088476294450215,3.8918202981106265,0.0149181098769979,0.8119177639596845,3.539341198989025,0
com_neave_zoomearth,1,0,0,1,1,1,0,0,0,0,0,0,0,1,8.24354550792826,2.302585092994046,1,9.328043469900251,11.088476294450215,4.110873864173311,0.0144767439067277,0.7861168507241644,2.489183976865158,0
com_microsoft_teams,1,0,1,0,0,1,1,0,0,0,0,0,1,1,9.243388226022384,2.5649493574615367,1,9.786018970336832,11.088476294450215,3.8918202981106265,0.0053322343414559,0.8011130275834845,2.6310314247636706,0
com_microsoft_todos,1,0,0,0,0,1,1,0,0,0,0,0,0,1,8.042699496897637,2.3978952727983707,0,9.118768209931984,11.088109327580147,3.8918202981106265,0.0177683283077753,0.9047701914305684,3.0412774104208204,0
com_mp4mp3,1,1,1,1,1,1,1,0,0,0,0,0,0,0,8.4071550862073,2.302585092994046,1,9.589032576559603,11.088476294450215,3.044522437723423,0.0129687272150727,0.7604527322147798,2.979213535476858,0
com_microsoft_scmx,1,1,0,0,0,1,1,1,0,0,0,0,0,1,8.516593011344206,2.19722457733622,0,9.698656779231984,11.088476294450215,3.044522437723423,0.0122962563861354,0.7714387097503865,3.614803888938965,0
com_musicplayer_player_mp3player_white,0,1,0,1,1,1,0,0,0,0,0,0,0,0,7.671360923190644,1.9459101490553128,1,9.1181132295959,11.088476294450215,4.110873864173311,0.0260223088272743,0.7725747008738922,3.0014051059703744,0
com_mynikon,1,1,1,0,0,1,1,0,1,0,0,0,0,0,7.849323818040561,1.9459101490553128,0,8.903495975968797,11.088476294450215,3.044522437723423,0.0215477351192093,0.7905989827948701,2.922543329211181,0
com_new_wltpe,1,1,1,0,0,0,1,0,1,0,0,0,0,1,8.296297112642508,2.19722457733622,0,9.664535793905928,11.088476294450215,4.110873864173311,0.0142312678988834,0.7657887963523473,3.680013817748339,0
com_naver_linewebtoon,1,1,1,1,1,1,1,0,1,0,0,0,0,1,8.947025655972697,2.3978952727983707,0,9.855873486575277,11.088476294450215,3.8918202981106265,0.0076336475609111,0.7332984428397239,2.967825792358929,0
com_msf_sbicap_securities,1,1,0,0,0,0,0,0,0,0,0,0,0,1,8.36450810375059,2.3978952727983707,1,9.45599323555862,11.088476294450215,3.8918202981106265,0.0135673116658827,0.8350239172540477,2.5607277678445595,0
com_naturefit_doctor_app,1,1,0,0,0,0,1,0,1,0,0,0,0,0,8.230577217146454,1.9459101490553128,0,9.407349324561803,11.088476294450215,4.110873864173311,0.0148967092617961,0.7464393549517567,3.0247731752556697,0
com_mobisystems_msdict_embedded_wireless_oxford_dictionaryofenglish,1,1,0,1,1,1,1,0,1,0,0,0,0,1,8.145839612936841,2.302585092994046,0,9.414309476373816,11.088476294450215,3.8918202981106265,0.0163912083110872,0.7875406931556198,3.124164228389333,0
com_microsoft_office_officehubrow,1,0,0,0,0,1,1,0,0,0,0,0,0,1,9.83360142507196,2.19722457733622,0,9.940659151349616,11.088476294450215,3.8918202981106265,0.0032036633036696,0.7145858844039065,3.809517256436476,0
com_net_pvr,1,1,1,0,0,1,1,0,1,0,0,0,0,1,8.617400451833262,2.302585092994046,0,9.73055233791075,11.088476294450215,3.044522437723423,0.0105537179781507,0.745744182163201,3.66539393718878,0
com_netflix_mediaclient,1,0,0,0,0,0,1,0,0,0,0,0,0,1,8.204671828950811,2.4849066497880004,1,9.258148818171971,11.088476294450215,3.8918202981106265,0.0166695482106131,0.927197247318325,2.3455850957064457,0
com_microsoft_office_excel,1,0,0,0,0,1,1,0,0,1,1,1,1,1,9.417760962825156,2.19722457733622,0,9.921849637981843,11.088476294450215,3.8918202981106265,0.00303151118726,0.7295914134837607,2.9990557950736925,0
com_microsoft_skydrive,1,0,0,0,0,1,1,0,0,1,0,0,0,1,8.807172622916703,2.3978952727983707,0,9.665441837474471,11.088476294450215,3.8918202981106265,0.0092198710052797,0.8002621956307214,2.745865574550898,0
com_mumbaiindians,1,1,0,0,0,0,1,0,1,0,0,0,0,1,7.791109510610028,2.302585092994046,1,9.211772679067808,11.088476294450215,3.8918202981106265,0.0229420017221385,0.8155647220513735,2.7304568273780547,0
com_nestopar,1,0,0,0,0,1,1,0,0,0,0,0,0,0,8.193676665955241,1.9459101490553128,0,9.51870902608877,11.088476294450215,3.8918202981106265,0.0153357137948527,0.7223227592475919,3.0896830315365245,0
musicplayer_mp3player_musicapp,1,1,0,1,1,1,0,0,0,0,0,0,0,0,7.762170607138205,2.079441541679836,1,9.33024578366448,11.088476294450215,3.8918202981106265,0.0257714209479259,0.7832135145497577,2.549755752296431,0
org_ieee_mobile_mcoe_ieee,1,1,0,0,0,0,0,0,0,0,0,0,0,0,7.427144133408616,2.079441541679836,1,9.162534972766537,11.088476294450215,3.8918202981106265,0.0341170539120354,0.7562505919433945,3.516535232843619,0
paper_puzzle_fold_fun_play,0,0,0,1,1,1,0,0,0,0,0,0,0,0,7.555905093611346,2.302585092994046,1,9.53684057383822,11.088476294450215,3.8918202981106265,0.029217696892456,0.8222953859129852,3.1818783411750435,0
math_games_education_learn_logic_fun,0,0,0,1,1,1,0,0,0,0,0,0,0,1,8.672486075822272,2.4849066497880004,0,9.472385840326837,11.088476294450215,3.8918202981106265,0.0104131499484884,0.7954907719673828,2.474472492335872,0
pedometer_stepcounter_calorieburner_pedometerforwalking,0,1,0,1,1,1,1,0,0,0,0,0,0,1,7.635303886259415,1.9459101490553128,0,9.244424855203064,11.088476294450215,3.8918202981106265,0.0201339715259598,0.7883448687418734,3.044303136705533,0
pdf_reader_pdfviewer_pdfeditor,0,1,0,1,1,1,0,0,0,0,0,0,0,0,7.604396348796338,2.19722457733622,1,9.465814823727516,11.088476294450215,3.8918202981106265,0.0289847833361737,0.7489283507634855,3.0698584615727413,0
org_thunderdog_challegram,1,0,1,0,0,1,0,0,0,0,0,0,0,1,7.759187438507795,2.079441541679836,0,9.54207825831366,11.088476294450215,3.8918202981106265,0.022663826466539,0.7839009369323388,3.075877316249205,0
maxplayer_mediaplayer_videoplayer,0,1,0,1,1,1,0,0,0,0,0,0,0,0,8.111328003286733,2.302585092994046,0,9.103169953646148,11.088476294450215,3.8918202981106265,0.0174098974182427,0.843190343111033,2.9124659203982013,0
mirchi_livevideo_chat,1,1,0,0,0,1,1,0,0,0,0,0,0,0,8.369388996647842,2.6390573296152584,0,9.482363914682416,11.088476294450215,3.044522437723423,0.0141932110525211,0.8792142940042349,2.48104277410843,0
org_acharyaprashant_apbooks,1,1,1,0,0,0,1,0,0,0,0,0,0,1,8.559294367434873,2.4849066497880004,1,9.7341886794102,11.088476294450215,3.8918202981106265,0.0112401447079853,0.7981354392416788,2.382876231309384,0
net_openkochi_yatripartner,1,1,1,0,0,1,1,0,1,0,0,0,0,1,8.286017468404763,2.302585092994046,0,9.72976268150723,11.088476294450215,3.8918202981106265,0.0144516603934715,0.8141511243331505,2.4858083395740125,0
org_telegram_messenger,1,1,1,0,0,0,1,0,0,0,1,0,1,1,8.228710798793687,2.302585092994046,1,9.60117088497841,11.088476294450215,3.8918202981106265,0.0160085165677181,0.8084249724429897,3.0618796038584186,0
mobi_mangatoon_novel_portuguese,1,1,0,1,1,1,1,0,1,0,0,0,0,0,7.921535632133549,2.19722457733622,0,9.54758739263709,11.088476294450215,3.8918202981106265,0.0203673754640574,0.7841912072103041,2.3944546375215525,0
net_skyscanner_android_main,1,1,0,0,0,1,1,0,0,0,0,0,0,1,8.30795254527102,2.302585092994046,0,9.704290568545112,11.088476294450215,3.044522437723423,0.0148541165410197,0.8361048173315498,2.869519465826269,0
myradio_radio_fmradio_liveradio_radiostation,1,1,0,1,1,1,0,0,1,0,0,0,0,0,7.827639546366422,2.5649493574615367,1,9.423621735282993,11.088476294450215,3.8918202981106265,0.0232951054678387,0.9297013443252096,2.10918516026655,0
music_ytstream_youtify,0,1,0,1,1,1,0,0,0,0,0,0,0,1,8.281723990411392,2.302585092994046,1,9.535442846415757,11.088476294450215,3.8918202981106265,0.0149568202078131,0.8595492137873398,2.098940208050612,0
org_player,0,1,0,1,1,1,0,0,0,0,0,0,0,0,8.428143374582726,1.9459101490553128,0,9.74327107320596,11.088476294450215,4.110873864173311,0.00978159029627,0.7323534939822224,2.6584221740073524,0
net_manta_comic,1,1,0,1,1,1,1,0,1,0,0,0,0,1,8.321907968230423,2.079441541679836,0,9.649597295410638,11.088476294450215,3.8918202981106265,0.0137931589638055,0.8008282478702532,2.529241829244131,0
notion_id,1,1,0,0,0,1,1,0,0,0,0,0,0,1,8.370084326378025,2.4849066497880004,1,9.62457597573894,11.088476294450215,3.8918202981106265,0.0141888056651956,0.8581718781903529,2.932531320303113,0
mymusic_offlinemusicplayer_mp3player_playmusic,0,1,0,1,1,1,0,0,1,0,0,0,0,0,8.234564993267135,2.19722457733622,1,9.59759794301241,11.088476294450215,3.044522437723423,0.016219828129406,0.8057852590909222,2.2634243298259547,0
org_ondc_nirmitbap,1,1,0,0,0,1,1,0,1,0,0,0,0,1,8.201111644442758,2.3978952727983707,0,9.583594292722356,11.088476294450215,3.044522437723423,0.0149641723028044,0.7808865057697495,3.0590467312780247,0
photo_cameraselfie_sweet_camera,0,0,0,1,1,1,0,0,0,0,0,0,0,0,8.509967146324497,1.791759469228055,0,9.796040728348885,11.090614254734977,4.110873864173311,0.0086890289667435,0.7029281330093327,3.222856652750248,0
org_videolan_vlc,0,0,0,0,0,0,0,0,0,0,1,0,0,0,8.275376374836407,2.4849066497880004,1,9.62268442397868,11.088476294450215,3.044522437723423,0.01476102770761,0.7814731983324968,2.734861864242811,0
money_super_payments,1,1,1,0,0,1,1,0,0,0,0,0,0,1,8.124446855715847,2.5649493574615367,1,9.598784322541798,11.088476294450215,3.8918202981106265,0.0160063097096609,0.8848330390431619,2.2920346129387306,0
org_thoughtcrime_securesms,1,0,1,0,0,0,1,1,0,0,0,0,1,1,8.774931387494947,2.302585092994046,0,9.802838631599442,11.090614254734977,3.8918202981106265,0.0089793700167091,0.7792553587583173,3.1021342574795687,0
me_ingala_galachat,1,1,0,0,0,0,0,0,1,0,0,0,0,0,7.641564441260972,2.9444389791664403,0,8.641385189966709,11.071330462204312,3.8918202981106265,0.0276935856556679,1.0723319698729734,2.693164279953232,0
org_mozilla_firefox,1,0,0,0,0,1,0,0,0,0,0,0,0,0,8.85209276347713,1.9459101490553128,0,9.823831790596188,11.088476294450215,4.110873864173311,0.0076405559682429,0.7148390180966948,2.9422828205276086,0
com_deere_anubhuti_main,1,1,0,0,0,1,0,0,1,0,0,0,0,1,7.932003152361385,2.19722457733622,0,9.41735538824362,11.088476294450215,3.8918202981106265,0.0209879580772387,0.8283295882720196,2.9360109402164736,0
luma_sora_pika_runway_video_ai,1,1,0,0,0,0,1,0,0,0,0,0,0,0,8.299037181613066,2.19722457733622,0,9.625346335092162,11.088476294450215,3.8918202981106265,0.0148750156620638,0.7665891853077547,3.552578977500733,0
com_cris_utsmobile,1,1,1,1,1,1,1,1,0,0,0,0,0,1,7.926241523170962,2.302585092994046,0,9.577021338286588,11.088476294450215,3.8918202981106265,0.0180117590474685,0.8058688197184036,2.4672795365386544,0
com_toh_mp3_music_player,0,1,0,1,1,1,0,1,0,0,0,0,0,0,7.851271997109883,2.19722457733622,0,9.460554255454351,11.088476294450215,3.044522437723423,0.0218901159380014,0.7745651979784792,2.954899651965811,0
com_deepseek_chat,0,0,0,0,0,0,1,0,0,0,0,0,0,0,7.365812837209472,2.19722457733622,0,9.342251267177128,11.088476294450215,3.8918202981106265,0.0349081084013351,0.7868298176463315,3.261883779875401,0
com_tutotoons_app_dopplesworld,0,1,0,0,0,0,0,0,0,0,0,0,0,0,9.32250766884693,2.3978952727983707,0,9.922287724821125,11.088476294450215,3.8918202981106265,0.0054783720003118,0.7352313815048244,3.066524324915535,0
com_customerapp_hero,1,1,1,0,0,1,1,1,0,0,0,0,0,1,8.552753366814787,2.19722457733622,0,9.776120924488916,11.088476294450215,3.8918202981106265,0.010762284172578,0.7626337101107913,3.060507333823799,0
life_channel_accurate_local_weather_forecast,0,1,1,1,1,1,0,1,0,0,0,0,0,0,7.958227192322312,2.3978952727983707,0,9.098185933290788,11.088476294450215,3.044522437723423,0.0210926144849018,0.8947635354791529,2.239636671520308,0
kling_ai_video_chat,1,1,1,0,0,1,1,1,0,0,0,0,0,1,8.660080678964786,2.5649493574615367,0,9.751528517332211,11.088476294450215,3.8918202981106265,0.0098205464703234,0.8322544801832742,3.11715773275387,0
com_trello,1,1,0,0,0,1,1,0,0,0,0,0,0,1,8.281470857895167,2.3978952727983707,0,9.686880203159417,11.088476294450215,3.8918202981106265,0.0145598342962476,0.8079163781204747,2.693481129231079,0
com_tuya_smartlife,1,0,0,0,0,1,1,1,0,0,0,0,0,1,9.07783702216309,2.3978952727983707,0,9.844550335393247,11.088476294450215,3.8918202981106265,0.0064355008206049,0.7729310364720625,2.8277306320486093,0
kr_fanbridge_podoal,1,1,0,1,1,1,1,0,0,0,0,0,0,1,8.193953023563742,2.19722457733622,0,9.648929650259587,11.088476294450215,3.8918202981106265,0.015806891303778,0.7716725403206502,3.073173939330237,0
com_transsion_phoenix,1,1,0,1,1,1,1,1,1,0,0,0,0,1,7.757478766584179,2.4849066497880004,1,9.337102572896107,11.088476294450215,3.044522437723423,0.0234595940639729,0.9252886539402986,2.2965982074430644,0
livio_pack_lang_en_US,0,0,0,0,0,0,0,0,0,0,0,0,0,1,8.239857411018601,2.4849066497880004,0,9.660209596018667,11.088476294450215,4.110873864173311,0.0155823377654646,0.8089543030728719,2.533301577881403,0
com_tradingview_tradingviewapp,1,1,0,1,1,1,1,0,0,0,0,0,0,1,8.602820277383675,2.19722457733622,0,9.802924788222631,11.088476294450215,3.8918202981106265,0.0102694160569919,0.7783528988866245,3.3621261788414536,0
live_weather_vitality_local_channel_forecast,0,1,1,1,1,1,0,1,0,0,0,0,0,0,7.545389749611823,2.772588722239781,0,8.861074267330128,11.088476294450215,3.8918202981106265,0.0319089419642826,1.0382915880626071,2.858293943353181,0
com_dashtoon_app,1,1,0,1,1,1,1,0,1,0,0,0,0,1,8.104401307921613,2.19722457733622,0,9.647727683977765,11.088476294450215,3.8918202981106265,0.0180577056180013,0.7935820890473134,3.126998139946401,0
com_tvsm_connect,1,1,1,0,0,1,1,1,1,0,0,0,0,1,9.570040734716605,2.3978952727983707,0,9.943445683246194,11.088476294450215,3.8918202981106265,0.0040526659304683,0.7231209340617445,2.869164409757485,0
com_toomics_global_google,1,1,0,0,0,0,1,0,1,0,0,0,0,0,7.719129840906732,2.079441541679836,0,9.417186758541405,11.088476294450215,3.8918202981106265,0.0249193179562948,0.818341539876555,2.964958899017054,0
jp_ne_ibis_ibispaintx_app,1,1,0,1,1,1,0,0,1,0,0,0,0,0,8.327484416188264,2.3978952727983707,1,9.642650327113092,11.088476294450215,3.8918202981106265,0.0134045384744606,0.8147394794216476,2.663071051249076,0
com_toonsutra_comicapp,1,1,1,1,1,1,1,0,1,0,0,0,0,1,8.649448770536708,2.5649493574615367,0,9.40652474994941,11.088476294450215,3.8918202981106265,0.0099044159513979,1.074540829193407,3.379993150687264,0
live_sanskriti_android,1,1,0,0,0,1,1,0,1,0,0,0,0,0,8.001355025826703,2.302585092994046,0,9.52774929717771,11.088476294450215,3.8918202981106265,0.0196622084139464,0.8108938531420716,3.2262376144388685,0
com_tohsoft_music_mp3_mp3player,0,1,0,1,1,1,0,1,0,0,0,0,0,0,7.685243607975833,2.19722457733622,0,9.403100285885376,11.088476294450215,4.110873864173311,0.0265000849103356,0.7833191131007872,3.228797752819557,0
jp_co_shueisha_mangaplus,1,1,0,1,1,1,0,0,0,0,0,0,0,1,8.42726848388825,2.079441541679836,0,9.83319933442999,11.090064929932884,3.044522437723423,0.011504373171911,0.7411801346232585,3.3818526730533343,0
com_crunchyroll_crunchyroid,1,1,0,1,1,1,0,0,0,0,0,0,0,1,8.393216011596527,2.079441541679836,0,9.679081528347536,11.088476294450215,3.044522437723423,0.0136624282782248,0.7664065658043201,3.164984713192293,0
com_accurate_live_weather_widget,0,1,0,1,1,1,0,1,1,0,0,0,0,0,7.943072717277933,2.19722457733622,0,9.426792541440449,11.088476294450215,3.8918202981106265,0.01954726108373,0.8320985974847536,3.040504801750672,0
com_accurate_live_weather_widget,0,1,0,1,1,1,0,1,1,0,0,0,0,0,7.943072717277933,2.19722457733622,0,9.426792541440449,11.088476294450215,3.8918202981106265,0.01954726108373,0.8320985974847536,3.040504801750672,0
calendar_agenda_calendarplanner_agendaplanner,1,1,0,1,1,1,1,0,0,0,0,0,0,0,8.556606193773073,2.3978952727983707,1,9.681090909716309,11.089606928642471,3.8918202981106265,0.0115482378577314,0.8320042342223876,2.7270706311691573,0
calendar_agenda_calendarplanner_agendaplanner,1,1,0,1,1,1,1,0,0,0,0,0,0,0,8.556606193773073,2.3978952727983707,1,9.681090909716309,11.089606928642471,3.8918202981106265,0.0115482378577314,0.8320042342223876,2.7270706311691573,0
bulksenderwa_marketingviawa_wabulksender,1,1,0,1,1,1,1,0,0,0,0,0,0,0,9.027738775974909,2.19722457733622,0,9.4690171552963,11.088476294450215,3.8918202981106265,0.0071212728359794,0.752274349941584,3.343248581256672,0
bulksenderwa_marketingviawa_wabulksender,1,1,0,1,1,1,1,0,0,0,0,0,0,0,9.027738775974909,2.19722457733622,0,9.4690171552963,11.088476294450215,3.8918202981106265,0.0071212728359794,0.752274349941584,3.343248581256672,0
com_adobe_reader,1,1,0,1,1,1,1,0,1,0,0,0,0,1,8.785998208098329,2.19722457733622,0,9.803226381233127,11.088476294450215,3.8918202981106265,0.0087148901581008,0.7772052804169804,2.7985815190575503,0
com_adobe_reader,1,1,0,1,1,1,1,0,1,0,0,0,0,1,8.785998208098329,2.19722457733622,0,9.803226381233127,11.088476294450215,3.8918202981106265,0.0087148901581008,0.7772052804169804,2.7985815190575503,0
com_accurate_weather_forecast_live,0,1,0,1,1,1,0,1,1,0,0,0,0,0,7.9355873855892,2.3978952727983707,1,9.449382354000484,11.088476294450215,3.044522437723423,0.0213832494485913,0.8554726340390585,2.9319641134693923,0
com_accurate_weather_forecast_live,0,1,0,1,1,1,0,1,1,0,0,0,0,0,7.9355873855892,2.3978952727983707,1,9.449382354000484,11.088476294450215,3.044522437723423,0.0213832494485913,0.8554726340390585,2.9319641134693923,0
call_recorder_automatic_acr,1,1,1,1,1,1,1,0,1,0,0,0,0,0,7.801391320291485,1.791759469228055,0,9.47162599830879,11.088476294450215,4.110873864173311,0.0230907802662247,0.766710710518032,3.732185655586146,0
call_recorder_automatic_acr,1,1,1,1,1,1,1,0,1,0,0,0,0,0,7.801391320291485,1.791759469228055,0,9.47162599830879,11.088476294450215,4.110873864173311,0.0230907802662247,0.766710710518032,3.732185655586146,0
co_hinge_app,1,1,1,0,0,1,1,0,0,0,0,0,0,1,9.056489647157925,2.302585092994046,1,9.822797698419183,11.088476294450215,3.8918202981106265,0.0068995047423554,0.7732333698242888,3.2331464346050582,0
co_hinge_app,1,1,1,0,0,1,1,0,0,0,0,0,0,1,9.056489647157925,2.302585092994046,1,9.822797698419183,11.088476294450215,3.8918202981106265,0.0068995047423554,0.7732333698242888,3.2331464346050582,0
com_ahaguru_ahazap,1,1,0,0,0,1,1,0,0,0,0,0,0,0,7.676009932028888,2.302585092994046,1,9.093791331015582,11.088476294450215,3.8918202981106265,0.0261907936166346,0.9009544827309576,2.370204484075555,0
com_ahaguru_ahazap,1,1,0,0,0,1,1,0,0,0,0,0,0,0,7.676009932028888,2.302585092994046,1,9.093791331015582,11.088476294450215,3.8918202981106265,0.0261907936166346,0.9009544827309576,2.370204484075555,0
chotelal_mpaani_com_android_chotelal,1,1,1,0,0,1,1,0,0,0,0,0,0,1,7.831220214604293,2.302585092994046,0,9.441261686911544,11.090614254734977,3.044522437723423,0.0238486686417385,0.8717520290362332,3.2692812163174065,0
chotelal_mpaani_com_android_chotelal,1,1,1,0,0,1,1,0,0,0,0,0,0,1,7.831220214604293,2.302585092994046,0,9.441261686911544,11.090614254734977,3.044522437723423,0.0238486686417385,0.8717520290362332,3.2692812163174065,0
canada_job_search,1,0,0,1,1,1,0,0,1,0,0,0,0,1,7.58629630715272,2.19722457733622,0,9.164026856652669,11.088476294450215,3.8918202981106265,0.0284137544052404,0.9672939696836927,3.0401562972933323,0
canada_job_search,1,0,0,1,1,1,0,0,1,0,0,0,0,1,7.58629630715272,2.19722457733622,0,9.164026856652669,11.088476294450215,3.8918202981106265,0.0284137544052404,0.9672939696836927,3.0401562972933323,0
com_airbnb_android,1,1,1,0,0,1,1,1,1,1,1,0,0,1,8.782629654920699,2.3978952727983707,1,9.700256416562196,11.088476294450215,3.8918202981106265,0.0090372925784994,0.9020432092495044,2.530924321369575,0
com_airbnb_android,1,1,1,0,0,1,1,1,1,1,1,0,0,1,8.782629654920699,2.3978952727983707,1,9.700256416562196,11.088476294450215,3.8918202981106265,0.0090372925784994,0.9020432092495044,2.530924321369575,0
co_godream_gostream,1,1,1,1,1,1,1,0,1,0,0,0,0,0,8.15908865466791,2.302585092994046,0,9.563639975025623,11.088476294450215,3.8918202981106265,0.0164515935264883,0.824415985461069,2.6528731738846743,0
co_godream_gostream,1,1,1,1,1,1,1,0,1,0,0,0,0,0,8.15908865466791,2.302585092994046,0,9.563639975025623,11.088476294450215,3.8918202981106265,0.0164515935264883,0.824415985461069,2.6528731738846743,0
com_adobe_scan_android,1,0,0,1,1,1,1,0,1,0,0,0,0,1,8.800415333145924,2.19722457733622,0,9.809304051684547,11.088476294450215,3.8918202981106265,0.008433815991528,0.7794380430428437,2.6910643579469844,0
com_adobe_scan_android,1,0,0,1,1,1,1,0,1,0,0,0,0,1,8.800415333145924,2.19722457733622,0,9.809304051684547,11.088476294450215,3.8918202981106265,0.008433815991528,0.7794380430428437,2.6910643579469844,0
com_adsk_sketchbook,0,0,0,0,0,0,0,0,0,0,0,0,0,0,8.977398978181862,1.9459101490553128,1,9.871074729295923,11.088476294450215,3.044522437723423,0.007174488184743,0.7196722730334258,2.7004150662007658,0
com_adsk_sketchbook,0,0,0,0,0,0,0,0,0,0,0,0,0,0,8.977398978181862,1.9459101490553128,1,9.871074729295923,11.088476294450215,3.044522437723423,0.007174488184743,0.7196722730334258,2.7004150662007658,0
com_actiondash_playstore,1,1,0,0,0,1,1,0,0,0,0,0,0,0,7.284820912568604,2.079441541679836,0,8.888658193776987,11.088476294450215,3.8918202981106265,0.038335848905997,0.8584670802413694,2.9120625823816075,0
com_actiondash_playstore,1,1,0,0,0,1,1,0,0,0,0,0,0,0,7.284820912568604,2.079441541679836,0,8.888658193776987,11.088476294450215,3.8918202981106265,0.038335848905997,0.8584670802413694,2.9120625823816075,0
com_amapps_media_music,0,1,0,1,1,1,0,1,0,1,1,0,1,1,7.837159650001675,2.079441541679836,0,9.493663788657631,11.088476294450215,4.110873864173311,0.0216609099815723,0.8432263802018505,2.626062037841571,0
com_amapps_media_music,0,1,0,1,1,1,0,1,0,1,1,0,1,1,7.837159650001675,2.079441541679836,0,9.493663788657631,11.088476294450215,4.110873864173311,0.0216609099815723,0.8432263802018505,2.626062037841571,0
com_amazon_mp3,1,0,1,0,0,1,0,1,0,0,0,0,0,1,9.25023393563786,2.4849066497880004,1,9.84782288180687,11.088476294450215,4.110873864173311,0.0055559054403695,0.776858685872215,2.882864204116813,0
com_amazon_mp3,1,0,1,0,0,1,0,1,0,0,0,0,0,1,9.25023393563786,2.4849066497880004,1,9.84782288180687,11.088476294450215,4.110873864173311,0.0055559054403695,0.776858685872215,2.882864204116813,0
co_windyapp_android,1,1,0,0,0,1,1,0,1,0,0,0,0,0,8.683893367307235,2.19722457733622,0,9.80184608809362,11.088476294450215,3.8918202981106265,0.0097738625008653,0.7495628426551528,3.187895569019035,0
co_windyapp_android,1,1,0,0,0,1,1,0,1,0,0,0,0,0,8.683893367307235,2.19722457733622,0,9.80184608809362,11.088476294450215,3.8918202981106265,0.0097738625008653,0.7495628426551528,3.187895569019035,0
com_amazon_avod_thirdpartyclient,1,0,1,0,0,1,1,0,0,0,0,0,0,1,8.267448958304849,2.302585092994046,0,9.672831081551696,11.088476294450215,3.044522437723423,0.0152219961596763,0.8184582416682632,3.087472728731641,0
com_amazon_avod_thirdpartyclient,1,0,1,0,0,1,1,0,0,0,0,0,0,1,8.267448958304849,2.302585092994046,0,9.672831081551696,11.088476294450215,3.044522437723423,0.0152219961596763,0.8184582416682632,3.087472728731641,0
com_amazon_kindle,1,0,1,0,0,1,1,1,0,0,0,0,0,1,8.796338932845732,2.302585092994046,0,9.83837545895831,11.088476294450215,3.8918202981106265,0.0093783882927718,0.7933350423699402,3.4790392077858434,0
com_amazon_kindle,1,0,1,0,0,1,1,1,0,0,0,0,0,1,8.796338932845732,2.302585092994046,0,9.83837545895831,11.088476294450215,3.8918202981106265,0.0093783882927718,0.7933350423699402,3.4790392077858434,0
com_aige_hipaint,0,0,1,1,1,1,0,1,0,0,0,0,0,0,9.136047767394327,2.302585092994046,0,9.871601708950058,11.088476294450215,3.8918202981106265,0.006680330980257,0.740783832241668,3.354412193517607,0
com_aige_hipaint,0,0,1,1,1,1,0,1,0,0,0,0,0,0,9.136047767394327,2.302585092994046,0,9.871601708950058,11.088476294450215,3.8918202981106265,0.006680330980257,0.740783832241668,3.354412193517607,0
com_amazon_sellermobile_android,1,1,1,0,0,1,0,0,0,0,0,0,0,1,7.873217054862741,2.302585092994046,0,9.380401745594243,11.088476294450215,3.8918202981106265,0.0228085794220808,0.9374996780691148,3.6035949443661415,0
com_amazon_sellermobile_android,1,1,1,0,0,1,0,0,0,0,0,0,0,1,7.873217054862741,2.302585092994046,0,9.380401745594243,11.088476294450215,3.8918202981106265,0.0228085794220808,0.9374996780691148,3.6035949443661415,0
in_swiggy_android_instamart,1,1,1,1,1,1,1,0,0,0,0,0,0,1,8.153061946801051,2.4849066497880004,0,9.579759032187129,11.088476294450215,3.8918202981106265,0.0168843513060683,0.8735009023299558,2.5675860340183494,0
in_juspay_nammayatri,1,1,1,0,0,1,1,0,1,0,0,0,0,1,8.112827478751374,2.4849066497880004,0,9.476191103759232,11.088476294450215,3.8918202981106265,0.0178568918943889,0.8874623147496914,3.040362464072839,0
in_burgerking_android,1,1,1,0,0,1,1,0,1,0,0,0,0,1,8.157943507105037,2.302585092994046,0,9.547917442170029,11.088476294450215,3.8918202981106265,0.0164700345714775,0.8324701388571462,3.0063710335497142,0
in_mohalla_sharechat,1,1,1,1,1,1,1,1,1,0,0,0,0,1,8.601718146485926,2.4849066497880004,0,9.784245045890115,11.088476294450215,3.044522437723423,0.011209283856924,0.7869890679755274,3.152674952738444,0
info_vehicle_rto_car,1,1,1,0,0,0,1,0,0,0,0,0,0,0,7.754481547470383,2.3978952727983707,0,9.243696937479037,11.088476294450215,3.044522437723423,0.0249033957241156,0.8223302828197994,3.1501211119917176,0
hu_crabs_kidmaze,0,0,0,0,0,0,0,0,0,0,0,0,0,0,8.139440521874608,2.302585092994046,0,9.522211598537265,11.088476294450215,3.8918202981106265,0.0171995309743076,0.8202595334884484,3.690157835759191,0
in_upstox_app,1,1,1,0,0,1,1,0,0,0,0,0,0,1,8.375629627094451,2.3978952727983707,1,9.697226144812102,11.088476294450215,3.8918202981106265,0.0134740428253368,0.8434348720448167,2.925719762194571,0
in_org_npci_upiapp,1,1,1,0,0,0,1,1,0,0,0,0,0,1,8.371473537066832,1.791759469228055,0,9.336628961941187,11.088476294450215,4.110873864173311,0.0122391589200559,0.7638107944239392,3.0186831821246933,0
ins_story_unfold,1,1,0,1,1,1,1,0,1,0,0,0,0,0,8.717027173294824,2.079441541679836,0,9.874784571935438,11.088476294450215,3.8918202981106265,0.0095502205240298,0.751029291184705,3.429437905334673,0
in_krosbits_musicolet,0,0,0,0,0,1,0,0,0,1,0,0,0,0,7.879291485082271,2.302585092994046,1,9.49022588625489,11.088476294450215,3.8918202981106265,0.0219090466336757,0.8657112391489356,2.664945948409985,0
grit_storytel_app,1,1,1,0,0,1,1,0,0,0,0,0,0,1,8.367764677924308,2.5649493574615367,0,9.706375509165625,11.088476294450215,3.044522437723423,0.0135844074940261,0.8664000537731084,2.7593235539609737,0
in_swiggy_android,1,1,1,1,1,1,1,0,0,0,0,0,0,1,8.19836438996762,2.302585092994046,1,9.687763573650978,11.088476294450215,3.044522437723423,0.0166730124649547,0.8541335912115794,2.7789998703425387,0
fm_player,1,1,1,1,1,1,1,0,0,0,0,0,0,1,8.251663923605589,2.079441541679836,0,9.591070010240283,11.088476294450215,3.8918202981106265,0.0104228467836384,0.8425044507091772,2.99416735761864,0
icici_lombard_ghi,1,1,1,0,0,1,1,0,0,0,0,0,0,1,8.721765357145012,2.19722457733622,0,9.775799587577833,11.088476294450215,3.8918202981106265,0.0098771234696044,0.795881336828139,3.675019471319264,0
in_startv_hotstar,1,1,1,0,0,1,1,0,0,0,0,0,0,1,8.00469951054955,2.4849066497880004,1,9.480582394287664,11.088476294450215,3.8918202981106265,0.0193428467379308,0.8771332254717026,2.625529013170283,0
gomechanic_retail,1,1,1,0,0,0,1,1,1,0,0,0,0,1,8.135346948906706,2.3978952727983707,0,9.651989000790715,11.088476294450215,3.8918202981106265,0.017069825433431,0.8100972538611938,3.464508620517799,0
in_stockedge_app,1,1,0,0,0,1,1,0,1,0,0,0,0,1,7.96311205897929,2.19722457733622,1,9.542868135242404,11.088476294450215,3.8918202981106265,0.0154008819415304,0.8449233150560915,2.373205794323682,0
in_indwealth,1,1,1,0,0,1,1,0,0,0,0,0,0,1,8.503094267036737,2.302585092994046,1,9.687832691926806,11.090614254734977,3.8918202981106265,0.0121969275567657,0.8158173623089587,2.620355031308625,0
jp_co_canon_ic_cameraconnect,1,1,0,0,0,0,1,1,1,0,0,0,0,0,7.633853559681768,2.079441541679836,0,9.485342440290957,11.088476294450215,4.110873864173311,0.0271506557210949,0.8233068655171146,3.2207410067131144,0
in_swiggy_android_pop,1,1,1,1,1,1,1,0,0,0,0,0,0,1,8.142645185942795,2.302585092994046,0,9.586886528375553,11.088476294450215,3.8918202981106265,0.0171140240090159,0.8596397206466585,2.9994007350683702,0
in_goindigo_android,1,1,0,0,0,1,1,1,0,0,1,0,0,1,8.256347772918016,2.19722457733622,0,9.569599615904115,11.088476294450215,3.044522437723423,0.0148930613370183,0.8052756079622138,3.5330326524576385,0
in_thirdwavecoffee_android,1,1,0,0,0,1,1,0,1,0,0,0,0,1,8.071843149609158,2.302585092994046,1,9.601879480332626,11.088476294450215,3.8918202981106265,0.0182705831754935,0.8396083652009979,2.8531702253500706,0
enterprises_dating_boo,1,1,1,1,1,1,1,0,1,0,0,0,0,1,9.025214887849494,2.6390573296152584,0,9.197914482282457,11.088476294450215,3.8918202981106265,0.0046060638171498,0.8460892149665059,1.7837457872974825,0
fitness_home_workout_weight_loss,1,1,0,0,0,0,1,0,1,0,0,0,0,1,8.043020885298283,2.19722457733622,0,9.69304105683038,11.088476294450215,3.8918202981106265,0.0176277338295343,0.829680985310089,3.211753880473956,0
in_rootzorganics,1,1,1,0,0,1,1,0,1,0,0,0,0,1,8.4069317971587,2.3978952727983707,1,9.486045110457328,11.088476294450215,3.8918202981106265,0.0129163295820702,0.8064263005856236,2.565104262519873,0
in_loanfront_android,1,1,0,0,0,1,1,1,1,0,1,0,0,1,8.054840221101024,2.5649493574615367,1,9.485938979673984,11.088476294450215,3.8918202981106265,0.0193323506101704,0.9343270062357047,2.549601244683644,0
io_comico,1,1,0,1,1,1,1,0,1,0,0,0,0,1,8.302265794873367,2.19722457733622,0,9.598244479338016,11.088476294450215,3.8918202981106265,0.0147808980668025,0.817901658025235,2.8837527391501068,0
com_maxmpz_audioplayer,0,0,0,0,0,0,0,0,0,0,0,0,0,1,7.512071245835466,2.302585092994046,1,9.299336110146813,11.088476294450215,3.8918202981106265,0.0304333729315384,0.8144214625723051,2.519753146782072,0
com_microsoft_emmx,1,0,0,0,0,1,1,0,0,0,0,0,0,1,9.284055409798464,2.4849066497880004,0,9.833291766006983,11.088476294450215,3.044522437723423,0.0053944827684691,0.7800691291746226,2.902441023729159,0
com_lushful_app,1,1,0,0,0,1,1,1,1,0,1,0,1,1,8.026170194946426,2.19722457733622,0,9.510704783200577,11.088476294450215,4.110873864173311,0.0120699385973755,0.7963656162293677,2.6071694818555238,0
com_mcdonalds_mobileapp,1,1,1,0,0,1,0,0,0,0,0,0,0,0,8.928640371201949,2.079441541679836,0,9.861815991742189,11.088476294450215,3.8918202981106265,0.0079236253587147,0.7344496841676437,3.0790909525617267,0
com_mcontent,1,1,1,1,1,1,1,0,1,0,0,0,0,1,8.558718938244736,2.079441541679836,0,9.755227426020202,11.088476294450215,3.044522437723423,0.0107161700846262,0.7389410428748273,3.407527211286299,0
com_medibang_android_paint_tablet,1,1,0,1,1,1,1,0,1,0,0,0,0,1,8.261268150577648,2.302585092994046,0,9.700300515445708,11.088476294450215,3.8918202981106265,0.0145457882442086,0.8003606928389939,3.404225128054117,0
com_makemytrip,1,1,1,1,1,1,1,1,1,0,0,0,0,1,8.450839690866216,2.079441541679836,0,9.768477622840786,11.088476294450215,3.044522437723423,0.0131221069635243,0.7657479947821253,3.6637125048041006,0
com_magicpin_local,1,1,1,0,0,1,1,1,1,0,0,0,0,1,8.203304026795282,2.079441541679836,0,9.70441522759334,11.088476294450215,4.110873864173311,0.0151022907508358,0.764256364418405,3.654109916527435,0
com_messenger_sms_messages,1,1,1,1,1,1,1,0,0,0,0,0,0,0,8.025189321890835,2.302585092994046,1,9.372327320992197,11.088476294450215,3.044522437723423,0.0179116392281531,0.8228199589809544,2.1706712399748667,0
com_magic_retouch,1,1,0,1,1,1,0,0,1,1,0,0,0,1,8.677950570294351,2.19722457733622,0,9.791654441878222,11.088476294450215,3.8918202981106265,0.0100075400724966,0.7361781804097509,2.9390346110553933,0
com_microsoft_amp_apps_bingweather,1,0,0,0,0,0,0,0,0,0,0,0,0,0,7.6676260915849905,1.9459101490553128,0,9.436315773175732,11.088476294450215,3.8918202981106265,0.0263248382526048,0.7779058423640834,2.976366449553704,0
com_marutiapps_trendingapps_rtovehicleinformation,1,1,0,1,1,1,0,0,0,0,0,0,0,0,7.685703061234547,2.302585092994046,0,9.462404993669082,11.088476294450215,3.8918202981106265,0.026187120736656,0.813057587633443,3.2960860883248406,0
com_microsoft_designer,1,0,1,0,0,1,1,0,0,0,0,0,0,1,7.926241523170962,2.302585092994046,0,9.279833845501331,11.088476294450215,3.8918202981106265,0.0203243999258787,0.8745264384382586,2.6994791749058136,0
com_ludo_king,1,1,0,1,1,1,1,0,1,0,1,0,0,1,8.58316818033977,2.19722457733622,0,9.820670299462456,11.089820688682371,3.8918202981106265,0.0110384951790533,0.7518393275915151,2.866845113966136,0
com_mg_smplan,0,0,0,1,1,1,1,0,0,0,0,0,0,0,7.290974778142981,2.772588722239781,1,8.473668024104034,11.088476294450215,3.8918202981106265,0.0374970632737582,1.0157719974222736,2.2527329661588147,0
com_media_music_mp3_musicplayer,0,1,0,1,1,1,0,1,0,0,0,0,0,0,7.771910256435763,2.4849066497880004,1,9.282496425318628,11.088476294450215,3.8918202981106265,0.0249621102924194,0.9424324460422346,2.3141768413691945,0
com_lyrebirdstudio_facelab,1,1,0,1,1,1,0,0,1,0,0,0,0,1,7.993957547573565,2.302585092994046,1,9.63279827363707,11.088476294450215,3.8918202981106265,0.0189140134730945,0.8149510135424118,3.174408569304593,0
com_merriamwebster,1,1,0,1,1,1,0,0,0,0,0,0,0,1,9.052164937010309,2.302585092994046,0,9.816728637924149,11.088476294450215,3.8918202981106265,0.0069084387078589,0.7260184618411422,2.7665969917021105,0
com_meb_lunarwrite,1,1,1,0,0,1,1,0,1,0,0,0,0,1,7.850103545175582,2.19722457733622,0,9.525044078584488,11.088476294450215,3.8918202981106265,0.0220719223360462,0.7772003754920965,3.649646531470683,0
com_marriott_mrt,1,0,0,1,1,1,1,0,0,0,0,0,0,1,8.771215062375383,2.079441541679836,0,9.762399291112718,11.088476294450215,3.8918202981106265,0.0086605666412386,0.7485194382854246,3.040994506995936,0
com_lutech_musicplayer,1,1,0,1,1,1,0,1,1,0,0,0,0,1,7.79934339821592,1.791759469228055,1,9.4742486259316,11.088476294450215,3.044522437723423,0.0248589515612305,0.72674777969658,3.0405085748028595,0
com_microsoft_android_smsorganizer,1,1,1,0,0,1,1,0,0,0,0,0,0,0,7.468513271496337,1.9459101490553128,0,9.367487423008136,11.088476294450215,3.8918202981106265,0.0319374550250307,0.7390859426001638,2.861637236830165,0
tuat_kr_sullivan,1,1,0,0,0,1,1,1,1,0,0,0,0,0,8.756997183623554,2.079441541679836,1,9.775020476328992,11.088476294450215,3.8918202981106265,0.0087560429222685,0.7109425972091622,2.7811870816983677,0
to_blend_mobile_app,1,1,0,0,0,1,1,0,1,0,0,0,0,1,8.86827250899781,2.19722457733622,0,9.857516093018576,11.088476294450215,3.8918202981106265,0.0078447020371479,0.7279132178911533,3.14042706912804,0
uplayer_video_player,0,1,0,1,1,1,0,0,0,0,0,0,0,0,8.078067881815437,2.19722457733622,0,9.55773016009042,11.088476294450215,3.8918202981106265,0.0185114379128868,0.7663944315708638,3.010927140076216,0
us_zoom_videomeetings4intune,1,0,1,0,0,1,1,0,0,0,0,0,0,1,9.400878083541478,2.079441541679836,0,9.942656416137655,11.089820688682371,3.044522437723423,0.0045189034899679,0.711634703375468,2.9601296638406582,0
wp_wattpad,1,1,0,0,0,1,1,0,1,0,0,0,0,1,8.712101863715663,2.079441541679836,1,9.153921519016317,11.088476294450215,3.8918202981106265,0.0100235501863967,0.7693456963910627,2.923169804844496,0
zynoff_mobile,1,1,0,0,0,0,0,0,0,0,1,0,0,0,8.277411998949004,2.079441541679836,0,9.421580785551988,11.088476294450215,3.8918202981106265,0.0138402834394646,0.7348986460698375,3.532938074949982,0
rto_owner_address_parivahan_car_malik_address_finder,0,0,0,1,1,1,1,0,1,0,0,0,0,0,7.707062655370473,2.079441541679836,0,9.242043801047505,11.088476294450215,4.110873864173311,0.0267569085098252,0.7896162914581961,3.0360263577580184,0
tech_baatu_parentcop,1,0,0,0,0,1,1,0,0,0,0,0,0,0,7.986164860332727,1.9459101490553128,0,9.591404988823744,11.088476294450215,3.8918202981106265,0.0187015962743353,0.7368564704538959,2.963355712809145,0
video_player_videoplayer,0,1,0,1,1,1,0,0,0,0,0,0,0,0,7.828038032125829,2.302585092994046,1,9.381814715500695,11.088476294450215,3.8918202981106265,0.0237744092238868,0.7903433954387141,2.853085055905409,0
videopalyer_hd_video_music_player,0,1,0,1,1,1,0,0,0,0,0,0,0,0,8.552174160311482,1.9459101490553128,0,9.269498760152166,11.088476294450215,4.110873864173311,0.0108261731840234,0.7521602892955697,3.0419307078169417,0
revive_app,1,1,0,1,1,1,1,0,0,0,0,0,0,1,8.85609105525229,2.302585092994046,0,9.819315620343223,11.088476294450215,3.8918202981106265,0.008509851634187,0.7385606471575903,2.8940293819958565,0
yesmadamservices_app_com_yesmadamservices,1,1,0,0,0,1,1,0,1,0,0,0,0,1,8.730367211692958,2.079441541679836,0,9.261612188033835,11.088476294450215,4.110873864173311,0.009445348103305,0.7612218836208797,3.1831908222534744,0
ringtonemaker_musiccutter_customringtones_freeringtonemaker,0,1,1,1,1,1,0,0,0,0,0,0,0,0,7.904334842085095,2.19722457733622,0,9.525653416932936,11.088904252333467,3.8918202981106265,0.0202272468057511,0.7728698733219747,2.908797083570172,0
weather_radar_alert,0,1,0,1,1,1,0,0,0,0,0,0,0,0,8.31996102188653,1.9459101490553128,0,9.285137903739214,11.088476294450215,3.044522437723423,0.0149651365123604,0.7320627605912666,2.956029291188763,0
screenrecorder_recorder_editor,1,1,0,1,1,1,0,0,1,0,0,0,0,1,8.649448770536708,2.079441541679836,0,9.785129233139251,11.088476294450215,3.8918202981106265,0.0098025227051756,0.723085183594228,3.2903681234871907,0
redwhite_cricket_liveline_score,1,1,0,1,1,1,1,0,0,0,1,0,1,1,7.836764783264067,2.302585092994046,1,9.369448602274725,11.088476294450215,3.8918202981106265,0.0226018698051686,0.7764693670697638,2.4286297295931973,0
us_zoom_videomeetings,1,0,1,0,0,1,0,0,0,0,0,0,1,1,9.412546252075511,2.3978952727983707,0,9.905082419764884,11.089209824443223,4.110873864173311,0.0045414351079293,0.7492115633223303,2.8976612374840727,0
th_co_bualuang_blsgo,1,1,0,0,0,0,1,0,0,0,0,0,0,1,8.382747094863314,2.19722457733622,0,9.700952365094084,11.088476294450215,3.8918202981106265,0.0126991756759615,0.7681672658074983,2.7572186450777383,0
videoeditor_videomaker_videoeditorforyoutube,0,1,0,1,1,1,0,0,0,0,0,0,0,0,8.515992470839718,1.9459101490553128,0,9.345100108115355,11.088476294450215,4.110873864173311,0.0114849228563214,0.7613955151473699,3.3271028060975256,0
za_co_shoprite_sixty60,1,1,0,0,0,1,1,0,0,0,0,0,0,1,9.293393927111468,2.19722457733622,0,9.74760967172402,11.088476294450215,3.8918202981106265,0.0051520913812064,0.733755898863624,2.8914882975679763,0
railrestro_mobile_app,1,0,0,0,0,1,0,0,0,0,1,0,1,1,7.6586995582682995,2.302585092994046,0,9.16489644426727,11.088476294450215,3.044522437723423,0.0275431607641339,0.8470483183458484,2.7086043230609715,0
todolist_scheduleplanner_dailyplanner_todo_reminders,1,1,0,1,1,1,1,0,0,0,0,0,0,0,7.919719760924575,1.9459101490553128,0,9.485064469508094,11.088476294450215,4.110873864173311,0.0198678862629542,0.738052408432888,2.864240683947057,0
ru_yandex_weatherplugin,1,1,1,0,0,1,1,1,0,0,0,0,0,1,8.273591798199632,2.079441541679836,1,9.67881301554267,11.088476294450215,3.044522437723423,0.0145738909329841,0.7521198928283259,2.566352840947487,0
video_player_audio_player_music,0,1,0,1,1,1,0,0,0,0,0,0,0,0,7.708410667257367,2.302585092994046,0,9.452909579096035,11.088476294450215,3.8918202981106265,0.0245989623531463,0.7929779514232077,2.842422335254684,0
