app_name,prv_com.google.firebase.provider.firebaseinitprovider,rcv_androidx.work.impl.utils.forcestoprunnable$broadcastreceiver,act_com.google.android.play.core.common.playcoredialogwrapperactivity,rcv_androidx.work.impl.background.systemalarm.constraintproxy$networkstateproxy,rcv_androidx.work.impl.diagnostics.diagnosticsreceiver,rcv_androidx.work.impl.background.systemalarm.constraintproxy$batterychargingproxy,act_com.google.android.gms.ads.outofcontexttestingactivity,srv_com.google.android.datatransport.runtime.backends.transportbackenddiscovery,rcv_androidx.work.impl.background.systemalarm.reschedulereceiver,perm_android.permission.post_notifications,rcv_com.google.android.datatransport.runtime.scheduling.jobscheduling.alarmmanagerschedulerbroadcastreceiver,srv_androidx.work.impl.foreground.systemforegroundservice,srv_com.google.android.gms.measurement.appmeasurementjobservice,srv_com.google.android.gms.ads.adservice,perm_com.google.android.gms.permission.ad_id,perm_android.permission.access_adservices_ad_id,rcv_androidx.work.impl.background.systemalarm.constraintproxyupdatereceiver,srv_androidx.work.impl.background.systemalarm.systemalarmservice,act_com.google.android.gms.common.api.googleapiactivity,perm_android.permission.access_adservices_attribution,prv_androidx.startup.initializationprovider,rcv_androidx.work.impl.background.systemalarm.constraintproxy$batterynotlowproxy,srv_com.google.firebase.components.componentdiscoveryservice,perm_android.permission.foreground_service,srv_com.google.android.gms.measurement.appmeasurementservice,srv_androidx.work.impl.background.systemjob.systemjobservice,rcv_androidx.profileinstaller.profileinstallreceiver,srv_androidx.room.multiinstanceinvalidationservice,rcv_com.google.android.gms.measurement.appmeasurementreceiver,rcv_androidx.work.impl.background.systemalarm.constraintproxy$storagenotlowproxy,perm_com.google.android.finsky.permission.bind_get_install_referrer_service,perm_android.permission.access_adservices_topics,prv_com.google.android.gms.ads.mobileadsinitprovider,srv_com.google.android.datatransport.runtime.scheduling.jobscheduling.jobinfoschedulerservice,access_location,read_contacts,used_sendtextmessage,has_fatal_exception,activity_started,used_requestnetwork,write_file,total_bytes,std_packet_size,high_dns_queries,ip_only_traffic,dns_queries,frequent_beaconing_detected,unique_flows,many_unique_ips,uncommon_ports_used,unique_dest_ips,suspicious_user_agent,skew_packet_size,avg_packet_size,max_packet_size,min_inter_arrival_time,total_packets,min_packet_size,flow_entropy,max_inter_arrival_time,avg_inter_arrival_time,avg_flow_duration,label
001B47474543DEBA53175A39B6A2A520CC8CBB958EAE1167702C290D2B281D9B,1,1,0,1,0,1,0,0,1,0,0,0,1,0,0,0,1,1,1,0,0,1,0,1,1,1,0,0,1,1,0,0,0,0,0,0,0,0,0,0,1,17.259667104769758,10.108240810415705,0,1,0.0,0,1.9459101490553132,0,0,1.791759469228055,0,0.4222370411953042,9.471118055399664,11.088476294450215,0.0,7.789040401657477,3.8918202981106265,0.7333981591696944,1.7770063537470129,0.0106949176176542,0.0106949176176542,1
001964E33F9B1BB7D95E4819A24F80BDE47E41F2C8854778D3777F800C085940,1,1,1,1,0,1,0,1,1,0,1,0,1,1,0,0,1,1,1,0,0,1,1,1,1,1,0,1,1,1,1,0,1,1,1,0,0,0,0,1,1,17.26409763152872,10.08206295149805,0,1,0.0,0,2.302585092994046,0,0,2.0794415416798357,0,0.4076498858177227,9.402453046707544,11.088476294450215,0.0,7.862112211662748,3.8918202981106265,0.7824843702458197,1.8016474300391672,0.0100715806471135,0.0100715806471135,1
0015858C4BAAAA34F6CC8216C5071E8762206AE562E16BB3AC58F0F9BC5683D0,1,0,0,0,0,0,0,0,0,0,0,0,1,0,0,0,0,0,1,0,0,0,1,0,1,0,0,0,1,0,1,0,0,0,0,0,0,0,1,0,1,16.70281924054253,9.996381578981254,0,1,0.0,0,1.6094379124341005,0,0,1.6094379124341005,0,0.3710021595887506,9.204603894403862,11.088109327580147,0.0,7.498869733976931,3.8918202981106265,0.7395587358547256,1.882690824301595,0.0083730211783512,0.0083730211783512,1
001AA30774FEDC56F04562606A72A033B6C075F581AFECBBEAC70F41A7746539,0,0,0,0,0,0,0,0,0,0,0,0,0,0,0,0,0,0,0,0,0,0,0,0,0,0,0,0,0,0,0,0,0,0,0,0,0,0,0,0,1,17.145043001346615,10.046006548562552,0,1,0.0,0,2.3978952727983707,0,0,2.0794415416798357,0,0.389656559617818,9.3123257573645,11.088476294450215,0.0,7.833203948641057,3.8918202981106265,0.7972093618245174,2.4190386285846586,0.0110716348904452,0.0110716348904452,1
001B08946F02686FF6073AB46752D6741D68FFD19F5CE4EFF2A0AB49A5A0CC4E,1,0,1,0,0,0,0,1,0,0,1,0,1,0,0,0,0,0,1,0,0,0,1,1,1,0,0,1,1,0,1,0,0,1,1,0,0,0,0,0,1,16.658065661010337,9.93690117856162,0,1,0.0,0,2.1972245773362196,0,0,1.9459101490553132,0,0.3467099755955853,9.06581502998798,11.088476294450215,0.0,7.592870287844818,3.044522437723423,0.7936536366864088,2.045948097822244,0.0092257714646399,0.0092257714646399,1
001999CA2D2BD44EEA9A7BCCD10FF79571D3989B3CAA89989A227059599B42CC,1,0,0,0,0,0,0,1,0,0,1,0,0,0,0,0,0,0,1,0,0,0,1,1,0,0,0,0,0,0,0,0,0,1,0,0,0,0,0,0,1,17.15960524188137,10.020209645869972,0,1,0.0,0,2.1972245773362196,0,0,1.9459101490553132,0,0.3748045011653009,9.240346064638588,11.088476294450215,0.0,7.919719760924575,3.8918202981106265,0.7402957926645871,1.7777247633052444,0.0101118930219013,0.0101118930219013,1
001AD2BA51E9C6A52831879B2872865318626981560F5FD599961EC786D75583,0,0,0,0,0,0,0,0,0,0,0,0,0,0,0,0,0,0,0,0,0,0,0,0,0,0,0,0,0,0,0,0,0,0,1,0,0,0,1,0,1,16.15037560188324,9.858423268269476,0,1,0.0,0,1.6094379124341005,0,0,1.6094379124341005,0,0.3305066276947748,8.932330725269194,11.088109327580147,0.0,7.21890970761906,3.8918202981106265,0.7560592378230445,2.114441193567396,0.012977534198211,0.012977534198211,1
00157C561F3830D24E231295256CB69FE5F49395D7725BD00A755F7C18CE6978,0,0,0,0,0,0,0,0,0,0,0,0,0,0,0,0,0,0,0,0,0,0,0,0,0,0,0,0,0,0,0,0,0,0,0,0,0,1,1,0,1,17.68649046109631,10.139058189589504,0,1,0.0,0,1.6094379124341005,0,0,1.6094379124341005,0,0.4400852246934264,9.552387202137298,11.088476294450215,0.0,8.134467570277563,4.110873864173311,0.7195931050634706,2.380921653184785,0.0051317274136049,0.0051317274136049,1
0015E0519717395D757CE5C06093E17256BF847A9B5F878C8AF9762FC2D8099F,0,0,0,0,0,0,0,0,0,0,0,0,0,0,0,0,0,0,1,0,0,0,0,0,0,0,0,0,0,0,1,0,0,0,0,1,0,0,1,1,1,16.68548310397639,9.975561828318517,0,1,0.0,0,2.0794415416798357,0,0,1.9459101490553132,0,0.3640528603048681,9.161566635857554,11.088476294450215,0.0,7.52456122628536,3.8918202981106265,0.8455312427575788,2.0896511096906014,0.010891228319256,0.010891228319256,1
001C03E19C9DAF0E637EEC811D402B5A8B722FBF5246CF3826E6F976ECDA8BB1,0,0,0,0,0,0,0,0,0,0,0,0,0,0,0,0,0,0,0,0,0,0,0,0,0,0,0,0,0,0,0,0,0,0,1,0,0,0,1,0,1,16.400579913169143,9.786846136436733,0,1,0.0,0,2.5649493574615367,0,0,2.1972245773362196,0,0.3048165805044865,8.768334305798883,11.088476294450215,0.0,7.632885505395133,3.8918202981106265,0.8652893744521298,2.373850323115478,0.014496433621033,0.014496433621033,1
001C21A5DCD6CCDC5E1AB4048A6BCE69A890312365E1141A34A9B7D09BCFCB9D,1,1,0,1,1,1,1,1,1,1,1,1,1,1,1,0,1,1,1,0,1,1,1,1,1,1,0,1,1,1,1,0,1,1,0,0,0,0,0,0,1,16.563252002528657,9.9548260555868,0,1,0.0,0,1.6094379124341005,0,0,1.6094379124341005,0,0.3555937233229477,9.113282567127207,11.088109327580147,0.0,7.450660796211539,3.8918202981106265,0.7421833468796983,2.0947224261204043,0.0107910132021346,0.0107910132021346,1
0015AC8312D8B0EF9A19DE03C66AEBC1867E72363CCB35A7D0749DE97AC305A0,1,0,0,0,0,0,0,0,0,0,0,0,0,0,0,0,0,0,1,0,0,0,1,0,0,0,0,0,0,0,0,0,0,0,0,0,0,0,0,0,1,17.032163714534367,10.023665907436705,0,1,0.0,0,1.9459101490553132,0,0,1.791759469228055,0,0.3820834164416671,9.266689118759396,11.088109327580147,0.0,7.765993079407675,3.8918202981106265,0.73931203726272,2.0693186035293807,0.0064704491323475,0.0064704491323475,1
001AC3E574F1350DE51A71987D72B205A61063FF469BCEEAB6965556805B665F,0,1,0,1,0,1,0,0,1,0,0,0,0,1,0,0,1,1,0,0,0,1,0,0,0,1,0,1,0,1,0,0,1,0,0,0,0,0,0,0,1,16.935235127533726,10.043229593051624,0,1,0.0,0,1.6094379124341005,0,0,1.6094379124341005,0,0.3897087680758236,9.309730554268056,11.088476294450215,0.0,7.62608275807238,3.8918202981106265,0.7364319379071725,1.725442311725779,0.0086069459965481,0.0086069459965481,1
00194CBE526FD2BB69C4ECC6D70AC4D07F3BF5D5A57F4EDDE1E0C8BAF6FB792E,0,0,0,0,0,0,0,0,0,0,0,0,0,0,0,0,0,0,0,0,0,0,0,0,0,0,0,0,0,0,0,0,0,0,1,0,0,0,1,1,1,17.442097526712814,10.140228560090565,0,1,0.0,0,1.9459101490553132,0,0,1.791759469228055,0,0.4450781178874908,9.567428348475945,11.088476294450215,0.0,7.875119281040293,3.044522437723423,0.7297646084677135,1.5903245931419707,0.0070855229573458,0.0070855229573458,1
001BD5DE6DA8088531069B28B4F41DBBB2971C398DEA28CF1FA8EDC19B8A87BF,0,0,0,0,0,0,0,0,0,0,0,0,0,0,0,0,0,0,0,0,0,0,0,0,0,0,0,0,0,0,0,0,0,0,1,0,0,0,1,1,1,16.20772810658488,9.824534207554937,0,1,0.0,0,1.9459101490553132,0,0,1.791759469228055,0,0.2976565126396635,8.77836121453668,11.088476294450215,0.0,7.430114138561801,4.110873864173311,0.7645480172712373,2.377933540029147,0.0109212241220853,0.0109212241220853,1
0015A26EABC706320BCF4612586B6FBE16B2DB64F7730377AA95DF790DD191F1,1,1,0,1,1,1,0,0,1,0,0,1,1,0,0,0,1,1,1,0,0,1,1,1,1,1,0,1,1,1,1,0,1,0,0,0,0,0,0,0,1,17.02456006228971,10.092418811766102,0,1,0.0,0,1.6094379124341005,0,0,1.6094379124341005,0,0.4048562375298468,9.404427613316958,11.088476294450215,0.0,7.620705086838262,3.8918202981106265,0.7423763850402129,2.121436172977723,0.010036814047736,0.010036814047736,1
00161EEB5EE26608654185D97F4277FC114C591294215DDAC7E38A60784D3265,1,0,0,0,0,0,0,1,0,1,1,0,1,0,1,0,0,0,1,0,0,0,1,0,1,0,0,0,1,0,1,0,0,1,0,0,0,0,0,1,1,15.881244452661,9.695583690373926,0,1,0.0,0,2.302585092994046,0,0,2.0794415416798357,0,0.27977046851525,8.580959174182357,11.088109327580147,0.0,7.301147805856032,3.8918202981106265,0.7788353451627655,2.088747098902264,0.0130653776311884,0.0130653776311884,1
0017B67588D03D2A1E888D143B0D61596DD7BAE942AE34055997C3E9B43D5E29,0,0,0,0,0,0,0,0,0,0,0,0,0,0,0,0,0,0,0,0,0,0,0,0,0,0,0,0,0,0,0,0,0,0,0,0,0,1,1,0,1,15.880029560324852,9.71657263951844,0,1,0.0,0,2.302585092994046,0,0,2.0794415416798357,0,0.2853439996286732,8.623911965592276,11.088476294450215,0.0,7.257002707092073,4.110873864173311,0.8560693504282949,2.380021573437964,0.0198353105566857,0.0198353105566857,1
00153B440FC9F94EB44BAABC136EDA338053146066A46D265A4BABFB610B5273,0,0,0,0,0,0,0,0,0,0,0,0,0,0,0,0,0,0,0,0,0,0,0,0,0,0,0,0,0,0,0,0,0,0,0,0,0,1,1,0,1,16.93319538486429,9.94641833440838,0,1,0.0,0,2.995732273553991,0,0,2.5649493574615367,0,0.34665555329647,9.075055651243208,11.088109327580147,0.0,7.858640655620791,3.8918202981106265,0.9113209205653224,2.2850804824133863,0.009955192445801,0.009955192445801,1
001AEFD8A1486CA38D29B2618F31DE810559D3907BB5DFD40E2A0D7618C18F21,0,0,0,0,0,0,0,0,0,0,0,0,0,0,0,0,0,0,0,0,0,0,0,0,0,0,0,0,0,0,0,0,0,0,1,0,0,0,1,0,1,16.230646533855438,9.863789894094474,0,1,0.0,0,2.302585092994046,0,0,2.0794415416798357,0,0.3255828819766412,8.920229952405178,11.088109327580147,0.0,7.311218384419629,3.8918202981106265,0.8417790925585913,2.5829057913152256,0.0207305853921822,0.0207305853921822,1
001A98712FD8E84C72DA55CAD3173AC150A20913C281A4C222868A415B8C9F50,1,0,0,0,0,0,0,0,0,0,0,0,0,0,0,0,0,0,1,0,0,0,1,1,0,0,0,0,0,0,0,0,0,0,0,0,0,0,0,0,1,17.638221031685084,10.109892195804784,0,1,0.0,0,1.791759469228055,0,0,1.791759469228055,0,0.4187788587163793,9.462751109369847,11.088476294450215,0.0,8.175829008714597,3.8918202981106265,0.7294422685665191,2.1420378474471433,0.0063854017873869,0.0063854017873869,1
001ADFD86FE877D30B8FD6C4486C777F66F07F7F33378B625A2921E660C22AB3,0,0,1,0,0,0,0,0,0,1,0,0,0,0,0,0,0,0,1,0,1,0,0,1,0,0,0,0,0,0,0,0,0,0,0,0,0,0,0,0,1,17.108484180648723,10.068941956601464,0,1,0.0,0,1.9459101490553132,0,0,1.791759469228055,0,0.4005902062981575,9.36834000739714,11.088476294450215,0.0,7.7406644019172415,3.8918202981106265,0.7396680041825913,2.117320270900276,0.007784256190168,0.007784256190168,1
com_pm_ambanimatkad,1,0,1,0,0,0,0,1,0,1,1,0,1,0,1,1,0,0,1,1,1,0,1,1,1,0,1,0,1,0,1,0,0,1,0,0,0,0,0,0,1,17.41993902721266,10.164140529549028,0,1,0.0,1,2.3978952727983707,0,0,2.0794415416798357,0,0.4682304534989902,9.654010090392836,11.088476294450215,0.0,7.766416898019656,3.8918202981106265,0.7839229608880461,3.0493469203936536,0.0232437345997722,0.0232437345997722,0
com_policybazaar,1,1,1,1,1,1,0,1,1,1,1,1,1,0,1,1,1,1,1,1,1,1,1,1,1,1,1,1,1,1,1,0,0,1,1,0,0,0,0,0,1,18.045620128932104,10.225394683709425,0,1,0.0,1,2.302585092994046,0,0,2.0794415416798357,0,0.5059944618959787,9.81243738137364,11.090614254734977,0.0,8.233503140233994,3.8918202981106265,0.7900284325151334,2.9583346218113435,0.0160083687720074,0.0160083687720074,0
com_pixlr_express,1,1,1,1,1,1,1,1,1,1,1,1,1,1,1,1,1,1,1,1,1,1,1,1,1,1,1,1,1,1,1,1,1,1,1,0,0,0,0,0,1,18.159415961832575,10.228767967677634,0,1,0.0,0,2.5649493574615367,0,0,2.1972245773362196,0,0.5114158590824267,9.829329338909607,11.088476294450215,0.0,8.330381569349418,3.8918202981106265,0.800711991202299,3.044621614934107,0.0144886275506197,0.0144886275506197,0
com_playhome_plus,0,0,0,0,0,0,0,1,0,0,1,0,0,0,0,0,0,0,1,0,1,0,0,0,0,0,1,0,0,0,0,0,0,1,0,0,0,0,0,0,1,19.1902893454887,10.256065203809907,0,1,0.0,0,2.1972245773362196,0,0,1.9459101490553132,0,0.5016700087095993,9.906376686004602,11.088476294450215,0.0,9.284055409798464,3.044522437723423,0.7041054190435979,3.3280062440486247,0.0044788684735055,0.0044788684735055,0
com_randomchat_camtocam_onlinevideocall_livetalkvideocall,0,1,0,1,1,1,1,0,1,0,0,1,0,1,1,1,1,1,1,1,1,1,0,1,0,1,0,1,0,1,0,1,1,0,0,0,0,0,0,0,1,16.656473385294557,10.078429239073223,0,1,0.0,0,2.3978952727983707,0,0,2.0794415416798357,0,0.4231930852244682,9.44425800425685,11.088476294450215,0.0,7.213031659834869,3.8918202981106265,0.7892227294013201,3.585487443139487,0.0425169747809067,0.0425169747809067,0
com_pratilipi_mobile_android,1,1,1,1,1,1,1,1,1,1,1,1,1,1,1,1,1,1,1,1,1,1,1,1,1,1,1,1,1,1,1,1,1,1,1,0,0,0,0,0,1,17.189840213190124,10.177144429926644,0,1,0.0,0,2.5649493574615367,0,0,2.1972245773362196,0,0.4746231417655713,9.683860282988777,11.088476294450215,0.0,7.506591780070841,3.8918202981106265,0.869870505755959,3.5786867299824214,0.0315526557993595,0.0315526557993595,0
com_pratilipi_comics,1,1,1,1,1,1,0,1,1,1,1,1,1,0,1,0,1,1,1,0,1,1,1,1,1,1,1,1,1,1,1,0,0,1,1,0,0,0,0,0,1,16.567509635791133,10.105102352634486,0,1,0.0,1,2.3978952727983707,0,0,2.0794415416798357,0,0.4323375502701206,9.496860554742218,11.088476294450215,0.0,7.071573364211532,3.8918202981106265,0.9118362335438148,3.2809383969288812,0.0477229859027517,0.0477229859027517,0
com_photo_android_camera,0,1,1,1,1,1,1,0,1,0,0,1,0,1,1,1,1,1,1,1,1,1,0,1,0,1,1,1,0,1,0,1,1,0,0,0,0,0,0,0,1,17.12100335872288,9.772302998671831,0,1,0.0,0,2.0794415416798357,0,0,1.9459101490553132,0,0.2958738547956573,8.717366549150235,11.088476294450215,0.0,8.4040244933106,4.110873864173311,0.8177013544595134,3.8006650774031714,0.0125972868264884,0.0125972868264884,0
com_probadosoft_moonphasecalendar,1,1,0,1,1,1,1,1,1,1,1,1,1,1,1,1,1,1,1,1,1,1,1,1,1,1,1,1,1,1,1,1,1,1,1,0,0,0,0,0,1,16.841342264291814,10.141559460180789,0,1,0.0,0,2.3978952727983707,0,0,2.0794415416798357,0,0.4562357040616427,9.599327633104542,11.088476294450215,0.0,7.242797922793756,3.044522437723423,0.8845019445253146,2.9335599667335113,0.041044229389463,0.041044229389463,0
com_railyatri_in_mobile,1,1,1,1,1,1,1,1,1,1,1,1,1,1,1,1,1,1,1,1,1,1,1,1,1,1,1,1,1,1,1,1,1,1,1,0,0,0,0,0,1,17.51302844316311,10.210219698506682,0,1,0.0,0,2.3978952727983707,0,0,2.0794415416798357,0,0.4913913591085644,9.76032130727228,11.088476294450215,0.0,7.753194269884341,3.044522437723423,0.7994915698094363,3.36967416805976,0.0242625018024383,0.0242625018024383,0
com_pocketfm_toons,1,1,1,1,1,1,1,1,1,1,1,1,1,1,1,1,1,1,1,1,1,1,1,1,1,1,1,1,1,1,1,1,1,1,1,0,0,0,0,0,1,18.28409647890851,10.242447254816271,0,1,0.0,0,2.1972245773362196,0,0,1.9459101490553132,0,0.5164957488856864,9.859509506974993,11.088476294450215,0.0,8.424858580213442,3.8918202981106265,0.7410087129529365,3.1143327613280323,0.0088656439570009,0.0088656439570009,0
com_rapido_passenger,1,1,1,1,1,1,1,1,1,1,1,1,1,1,1,1,1,1,1,1,1,1,1,1,1,1,1,1,1,1,1,0,1,1,0,0,0,0,0,0,1,17.213488195141064,10.170962979652913,0,1,0.0,1,2.3978952727983707,0,0,2.0794415416798357,0,0.4688206530561913,9.662364930283015,11.088476294450215,0.0,7.55171221535131,3.044522437723423,0.8076542561800507,2.9906483761349634,0.0317619273479319,0.0317619273479319,0
com_pocketfm_tv,1,1,1,1,1,1,1,1,1,1,1,1,1,1,1,1,1,1,1,1,1,1,1,1,1,1,1,1,1,1,1,1,1,1,1,0,0,0,0,0,1,18.70263549406023,10.25158023729854,0,1,0.0,1,2.5649493574615367,0,0,2.1972245773362196,0,0.4953281149371297,9.887316301983272,11.088476294450215,0.0,8.815518423966498,3.044522437723423,0.7355329489378983,2.955435707410901,0.0085123558450876,0.0085123558450876,0
com_qidian_Int_reader,1,1,1,1,1,1,1,1,1,1,1,1,1,1,1,1,1,1,1,1,1,1,1,1,1,1,1,1,1,1,1,1,1,1,0,0,0,0,0,0,1,18.37271966000093,10.244557347830948,0,1,0.0,0,2.302585092994046,0,0,2.0794415416798357,0,0.521482346239004,9.877414474817218,11.088476294450215,0.0,8.495560891289124,3.8918202981106265,0.7221331479277233,3.6953657691145954,0.0118973760932327,0.0118973760932327,0
com_rails_red,1,1,1,1,1,1,0,1,1,1,1,1,1,1,1,1,1,1,1,1,1,1,1,1,1,1,1,1,1,1,1,0,1,1,1,0,0,0,0,0,1,18.104344651553397,10.207903536675497,0,1,0.0,0,2.1972245773362196,0,0,1.9459101490553132,0,0.4953027254563492,9.768011412973678,11.088476294450215,0.0,8.336630087637147,4.110873864173311,0.7706117457666483,3.877276743442187,0.0144438095236182,0.0144438095236182,0
com_poncho_eatclub,1,1,1,1,1,1,0,1,1,1,1,1,1,0,1,1,1,1,1,1,1,1,1,1,1,1,1,1,1,1,1,0,0,1,1,1,0,0,0,0,1,18.010491876439602,10.251622384810794,0,1,0.0,1,2.4849066497880004,0,0,2.1972245773362196,0,0.515931771897035,9.887874626084113,11.088476294450215,0.0,8.12296471523406,3.8918202981106265,0.8225565674442747,2.6062222590312594,0.0173955567503044,0.0173955567503044,0
com_radio_fmradio,1,1,1,1,1,1,1,1,1,1,1,1,1,1,1,1,1,1,1,1,1,1,1,1,1,1,1,1,1,1,1,1,1,1,1,0,0,0,1,0,1,17.91476043609476,10.234689184672598,0,1,0.0,1,2.4849066497880004,0,0,2.1972245773362196,0,0.5203253135281448,9.858068969193315,11.088476294450215,0.0,8.057060681965766,3.8918202981106265,0.7810144956548799,2.9616138977826227,0.0183372336884786,0.0183372336884786,0
com_plexapp_android,1,1,0,1,1,1,0,1,1,1,1,1,0,0,1,0,1,1,1,0,1,1,1,1,0,1,1,1,0,1,1,0,0,1,1,0,0,0,0,0,1,17.768244031693857,10.210881050688934,0,1,0.0,0,2.302585092994046,0,0,2.0794415416798357,0,0.4926764078908568,9.764269974997946,11.088476294450215,0.0,8.004365564979574,3.8918202981106265,0.8325349585902464,3.160911744508952,0.0195241955382376,0.0195241955382376,0
com_raincan_android_hybrid,1,1,0,1,1,1,0,1,1,1,1,1,1,0,0,0,1,1,1,0,1,1,1,1,1,1,1,1,1,1,1,0,0,1,1,0,0,0,1,0,1,17.204706509706998,10.165302503600474,0,1,0.0,0,2.4849066497880004,0,0,2.1972245773362196,0,0.4660626514459512,9.649388998752052,11.088476294450215,0.0,7.555905093611346,3.8918202981106265,0.8679649161240561,3.0523705115343747,0.0296795965363077,0.0296795965363077,0
com_pixverseai_pixverse,1,0,1,0,0,0,0,1,0,1,1,0,1,0,1,1,0,0,1,1,1,0,1,0,1,0,1,0,1,0,1,0,0,1,1,0,0,0,0,0,1,17.834975886584427,10.240978676753253,0,1,0.0,0,2.1972245773362196,0,0,1.9459101490553132,0,0.5193211756517037,9.861183654610604,11.088476294450215,0.0,7.974188669286011,3.8918202981106265,0.7591495415562034,3.659177128370719,0.0193481806992746,0.0193481806992746,0
com_recz_android,1,1,1,1,1,1,0,1,1,1,1,1,1,0,1,1,1,1,1,1,1,1,1,1,1,1,1,1,1,1,1,0,0,1,1,0,0,0,0,0,1,17.21898833754155,10.177985103387428,0,1,0.0,0,2.302585092994046,0,0,2.0794415416798357,0,0.4791808201846748,9.69664956395339,11.088476294450215,0.0,7.52294091807237,3.8918202981106265,0.8204298583409136,3.254212658708946,0.0243024044273596,0.0243024044273596,0
com_rcub_rclub,1,0,1,0,0,0,0,1,0,1,1,0,1,0,1,1,0,0,1,1,1,0,1,0,1,0,1,0,1,0,1,0,0,1,0,0,0,0,0,0,1,17.965369420248702,10.239399033234417,0,1,0.0,1,2.1972245773362196,0,0,1.9459101490553132,0,0.5204513224269611,9.862229759589956,11.088476294450215,0.0,8.10349427838097,3.8918202981106265,0.7281969093260414,3.3546706092975924,0.0175659104841098,0.0175659104841098,0
com_radio_pocketfm,1,1,1,1,1,1,1,1,1,1,1,1,1,1,1,1,1,1,1,1,1,1,1,1,1,1,1,1,1,1,1,1,1,1,1,0,0,0,0,0,1,18.9179664655558,10.264152212228218,0,1,0.0,0,2.5649493574615367,0,0,2.1972245773362196,0,0.5108875678248448,9.935328228507876,11.088476294450215,0.0,8.98281222234415,3.8918202981106265,0.7530322623263722,2.829859304902197,0.0072124822367472,0.0072124822367472,0
com_rajasthanroyals_app,1,0,0,0,0,0,0,1,0,1,1,0,1,0,1,0,0,0,1,0,1,0,1,0,1,0,1,0,1,0,1,0,0,1,1,0,0,0,0,0,1,16.628789706069533,10.0526011044372,0,1,0.0,0,2.4849066497880004,0,0,2.1972245773362196,0,0.408632927768651,9.376111955571284,11.088476294450215,0.0,7.253470382684528,3.8918202981106265,0.9071320912473704,3.086981536629714,0.0405833666048408,0.0405833666048408,0
00128CF93FF0259BC89FF983C00E538061BCD1ADEB304E71CA7C7E019D81FC0D,1,1,0,1,0,1,0,0,1,0,0,1,1,0,0,0,1,1,1,0,0,1,1,1,1,1,0,1,1,1,1,0,1,0,0,0,0,0,0,0,1,17.184855941352936,10.157127316307765,0,1,0.0,0,2.0794415416798357,0,0,1.791759469228055,0,0.4532849673550928,9.606777708027144,11.088476294450215,0.0,7.578656850594762,3.8918202981106265,0.7729727297067188,2.120105900485219,0.0148240984861004,0.0148240984861004,1
0010CA64CA1061B2118072D529B29B5D2F1AE1588DA6A4475B3171D7E1DC53D1,1,0,0,0,0,0,0,0,0,0,0,0,1,0,0,0,0,0,1,0,0,0,1,0,1,0,0,0,1,0,1,0,0,0,0,0,0,0,0,0,1,16.38943970691266,10.034464583910326,0,1,0.0,0,2.1972245773362196,0,0,1.9459101490553132,0,0.3974916862692529,9.32476979435114,11.088476294450215,0.0,7.065613363597717,3.8918202981106265,0.8082088836233784,2.4547250557190643,0.0227101776923942,0.0227101776923942,1
0012DF333367D76AFCE6E9A9F21002A4A1F1DCD1ED75BAFF1C1F7DB3CA1D579B,1,0,0,0,0,0,0,0,0,0,0,0,0,0,0,0,0,0,1,0,0,0,0,0,1,0,0,0,0,0,0,0,0,0,1,0,0,0,0,0,1,16.494993780804883,10.01629456531788,0,1,0.0,0,1.6094379124341005,0,0,1.6094379124341005,0,0.3860749738542432,9.27179207690212,11.088476294450215,0.0,7.22402480828583,3.044522437723423,0.7509163175728335,2.0991852159071978,0.0153199760238976,0.0153199760238976,1
0012A8B25CBE4F7D6FCB939E219C5520FFA0020C6081B7E881AC462EE3870CC3,0,0,0,0,0,0,0,0,0,0,0,0,0,0,0,0,0,0,0,0,0,0,0,0,0,0,0,0,0,0,0,0,0,0,0,0,0,0,1,1,1,15.508157728485871,9.711795883590742,0,1,0.0,0,2.0794415416798357,0,0,1.791759469228055,0,0.2967008115602783,8.66351485612913,11.071330462204312,0.0,6.84587987526405,3.8918202981106265,0.8372088428342831,2.403840112392656,0.0307535083119521,0.0307535083119521,1
001201402F873F4971ECB75B1987DC3FAB3007C22D43AC433AF0D8EE20A3C4E9,1,0,0,0,0,0,0,0,0,1,0,0,1,0,1,0,0,0,1,0,0,0,1,0,1,0,0,0,1,0,1,0,0,0,0,0,0,0,0,0,1,18.377940765442855,10.254604821233675,0,1,0.0,0,2.0794415416798357,0,0,1.791759469228055,0,0.5263578854460165,9.89621787489786,11.088476294450215,0.0,8.481980435660493,3.8918202981106265,0.723126568065083,2.5341325065635796,0.0060415465853154,0.0060415465853154,1
0014ACC8F710F1211F7C0E235B8C324D1D26281A552CAACC9051895768C74693,1,0,0,0,0,0,0,0,0,0,0,0,0,0,0,0,0,0,0,0,0,0,0,0,0,0,0,0,0,0,0,0,0,0,0,0,0,0,1,1,1,17.374611454465377,10.18227751401854,0,1,0.0,0,1.791759469228055,0,0,1.791759469228055,0,0.4680865231602163,9.671666790194584,11.088476294450215,0.0,7.703459047867175,3.8918202981106265,0.7857420624727027,1.781581175489687,0.0068099107220743,0.0068099107220743,1
00105A837C446B9DDDD8B89ED85BB786A8AC952094886022A679ECBDE3849DF2,0,0,0,0,0,0,0,0,0,0,0,0,0,0,0,0,0,0,0,0,0,0,0,0,0,0,0,0,0,0,0,0,0,0,0,0,0,0,0,0,1,17.198417178883837,10.155947922316647,0,1,0.0,0,2.302585092994046,0,0,1.9459101490553132,0,0.4540285456751313,9.607632237287898,11.088476294450215,0.0,7.591357046698551,3.8918202981106265,0.7846349489835908,2.2358368721354607,0.0160299964971872,0.0160299964971872,1
000FC18BBFC78B0858A9C96A6FFCC4EAEAC7F2716D159788DB0F94CBF1E4FB4E,0,0,0,0,0,0,0,0,0,0,0,0,0,0,0,0,0,0,0,0,0,0,0,0,0,0,0,0,0,0,0,0,0,0,0,0,0,0,0,0,1,16.478062849474625,10.027950188271022,0,1,0.0,0,2.302585092994046,0,0,1.9459101490553132,0,0.3739867238202699,9.245426200442896,11.088476294450215,0.0,7.233455418621439,3.8918202981106265,0.795425341318192,1.8141632978700453,0.0219511690206062,0.0219511690206062,1
00104DF0BDA5BEE7E5CFDDD5EC581150EFC4F495EA0971ED07AA5DDF877D6D66,1,0,0,0,0,0,0,0,0,0,0,0,1,0,0,0,0,0,1,0,0,0,1,0,1,0,0,0,1,0,1,0,0,0,0,0,0,0,0,0,1,16.97296551409558,10.08979475995686,0,1,0.0,0,2.8903717578961645,0,0,2.3978952727983707,0,0.4163142389982321,9.43561526783579,11.088476294450215,0.0,7.537962659768208,3.8918202981106265,0.8536370404752713,1.901266273873217,0.0159062497445326,0.0159062497445326,1
00111F5CF230E2DD9BD66989E8EBDE87D881CB9A88C2C06DA94AEA4C3CD2FA12,1,0,0,0,0,0,0,0,0,0,0,0,1,0,0,0,0,0,1,0,0,0,1,0,1,0,0,0,1,0,1,0,1,0,0,0,0,0,0,0,1,15.8305688997769,9.75730269854101,0,1,0.0,0,2.4849066497880004,0,0,2.0794415416798357,0,0.3001807725883313,8.72166965884994,11.088109327580147,0.0,7.1098794630722715,3.8918202981106265,0.8206882733941777,1.805725130279821,0.0172804247227158,0.0172804247227158,1
001036DBBFAFE319473EB07C4FA1AE30FDBAACE28D58923FFB822DC75A817741,0,0,0,0,0,0,0,0,0,0,0,0,0,0,0,0,0,0,1,0,0,0,0,0,0,0,0,0,0,0,0,0,1,0,0,0,0,0,0,0,1,17.52222160502454,10.16425343005806,0,1,0.0,0,2.4849066497880004,0,0,2.0794415416798357,0,0.4557375331941771,9.62054041589803,11.088476294450215,0.0,7.902117546276448,3.8918202981106265,0.8061075736417821,2.4430368843968107,0.0112018514867382,0.0112018514867382,1
000DDCEE5F9FA00F4652828CB2D4E4B08A3A422F4472D01F56886A40744BF4BD,0,0,0,0,0,0,0,0,0,0,0,0,0,0,0,0,0,0,0,0,0,0,0,0,0,0,0,0,0,0,0,0,0,0,0,0,0,0,1,1,1,17.496539376321653,10.192169567602134,0,1,0.0,0,1.9459101490553132,0,0,1.6094379124341005,0,0.4683479972522714,9.68220210324254,11.088476294450215,0.0,7.814803429489359,3.8918202981106265,0.7155165123109537,2.201559287855188,0.0116370012005758,0.0116370012005758,1
000DDCEE5F9FA00F4652828CB2D4E4B08A3A422F4472D01F56886A40744BF4BD,0,0,0,0,0,0,0,0,0,0,0,0,0,0,0,0,0,0,0,0,0,0,0,0,0,0,0,0,0,0,0,0,0,0,0,0,0,0,1,1,1,17.495528514730637,10.215872369805522,0,1,0.0,0,1.9459101490553132,0,0,1.791759469228055,0,0.5040563426961504,9.799371338171834,11.088476294450215,0.0,7.696667081526462,3.8918202981106265,0.7364451544816566,2.7242406880377033,0.0133792770421662,0.0133792770421662,1
000DDCEE5F9FA00F4652828CB2D4E4B08A3A422F4472D01F56886A40744BF4BD,0,0,0,0,0,0,0,0,0,0,0,0,0,0,0,0,0,0,0,0,0,0,0,0,0,0,0,0,0,0,0,0,0,0,1,0,0,0,1,1,1,17.496539376321653,10.192169567602134,0,1,0.0,0,1.9459101490553132,0,0,1.6094379124341005,0,0.4683479972522714,9.68220210324254,11.088476294450215,0.0,7.814803429489359,3.8918202981106265,0.7155165123109537,2.201559287855188,0.0116370012005758,0.0116370012005758,1
000DDCEE5F9FA00F4652828CB2D4E4B08A3A422F4472D01F56886A40744BF4BD,0,0,0,0,0,0,0,0,0,0,0,0,0,0,0,0,0,0,0,0,0,0,0,0,0,0,0,0,0,0,0,0,0,0,1,0,0,0,1,1,1,17.495528514730637,10.215872369805522,0,1,0.0,0,1.9459101490553132,0,0,1.791759469228055,0,0.5040563426961504,9.799371338171834,11.088476294450215,0.0,7.696667081526462,3.8918202981106265,0.7364451544816566,2.7242406880377033,0.0133792770421662,0.0133792770421662,1
0014BA372F61C9C0EA6FB4F36E21E8A3C0B8377F0FC1C406684BB7BA9AC4EC50,1,0,0,0,0,0,0,0,0,0,0,0,1,0,0,0,0,0,1,0,0,0,0,1,1,0,0,0,1,0,0,0,0,0,0,0,0,0,0,1,1,17.141248346752516,10.116789578123148,0,1,0.0,0,2.5649493574615367,0,0,2.1972245773362196,0,0.4282583368308578,9.496882637603273,11.088476294450215,0.0,7.644919344958857,3.8918202981106265,0.8705348040057965,1.5309060142006037,0.009239900608495,0.009239900608495,1
000E2DD97692D742C6F7C2989FF1349D0DBA2BAFABEBF1220DC252D0E36679A7,1,0,0,0,0,0,0,0,0,0,0,0,0,0,0,0,0,0,1,0,0,0,0,0,1,0,0,0,1,0,1,0,0,0,0,0,0,0,0,1,1,15.962236378985123,9.788669753529543,0,1,0.0,0,1.791759469228055,0,0,1.3862943611198906,0,0.2844501737426769,8.691395763294667,11.088476294450215,0.0,7.271703706887368,4.110873864173311,0.7234557202935307,2.063590697315248,0.0158567441237553,0.0158567441237553,1
000E2DD97692D742C6F7C2989FF1349D0DBA2BAFABEBF1220DC252D0E36679A7,1,0,0,0,0,0,0,0,0,0,0,0,0,0,0,0,0,0,1,0,0,0,0,0,1,0,0,0,1,0,1,0,0,0,0,0,0,0,0,1,1,15.95273645642978,10.03640187283244,0,1,0.0,0,2.4849066497880004,0,0,2.1972245773362196,0,0.4160897769326806,9.381937611491947,11.088476294450215,0.0,6.5722825426940075,3.8918202981106265,0.8612377199955898,2.334603287939879,0.0238321939636714,0.0238321939636714,1
000E2DD97692D742C6F7C2989FF1349D0DBA2BAFABEBF1220DC252D0E36679A7,1,0,0,0,0,0,0,0,0,0,0,0,0,0,0,0,0,0,1,0,0,0,0,0,1,0,0,0,1,0,1,0,0,0,0,0,0,0,0,1,1,15.962236378985123,9.788669753529543,0,1,0.0,0,1.791759469228055,0,0,1.3862943611198906,0,0.2844501737426769,8.691395763294667,11.088476294450215,0.0,7.271703706887368,4.110873864173311,0.7234557202935307,2.063590697315248,0.0158567441237553,0.0158567441237553,1
000E2DD97692D742C6F7C2989FF1349D0DBA2BAFABEBF1220DC252D0E36679A7,1,0,0,0,0,0,0,0,0,0,0,0,0,0,0,0,0,0,1,0,0,0,0,0,1,0,0,0,1,0,1,0,0,0,0,0,0,0,0,1,1,15.95273645642978,10.03640187283244,0,1,0.0,0,2.4849066497880004,0,0,2.1972245773362196,0,0.4160897769326806,9.381937611491947,11.088476294450215,0.0,6.5722825426940075,3.8918202981106265,0.8612377199955898,2.334603287939879,0.0238321939636714,0.0238321939636714,1
00052B3AB096E61C3008AE77AA6C7DE22C28B08CFB61BCCDFC6128F373209139,1,1,0,1,0,1,0,0,1,0,0,0,0,0,0,0,1,1,1,0,0,1,1,1,0,1,0,0,0,1,0,0,0,0,1,1,0,0,1,1,1,17.811922394512862,9.984958014951747,0,1,0.0,0,2.9444389791664403,0,0,2.4849066497880004,0,0.3561139970734939,9.144005159208383,11.088476294450215,0.0,8.668196064952765,3.044522437723423,0.8659640249373919,2.295898991464027,0.0053896918631463,0.0053896918631463,1
00052B3AB096E61C3008AE77AA6C7DE22C28B08CFB61BCCDFC6128F373209139,1,1,0,1,0,1,0,0,1,0,0,0,0,0,0,0,1,1,1,0,0,1,1,1,0,1,0,0,0,1,0,0,0,0,1,1,0,0,1,1,1,17.795401909504317,10.212956878405215,0,1,0.0,0,2.6390573296152584,0,0,2.302585092994046,0,0.4994916969103047,9.791426313596,11.088476294450215,0.0,8.004365564979574,3.8918202981106265,0.8249376279302204,2.1256081436360814,0.0051595187306431,0.0051595187306431,1
00052B3AB096E61C3008AE77AA6C7DE22C28B08CFB61BCCDFC6128F373209139,1,1,0,1,0,1,0,0,1,0,0,0,0,0,0,0,1,1,1,0,0,1,1,1,0,1,0,0,0,1,0,0,0,0,1,1,0,0,1,1,1,17.811922394512862,9.984958014951747,0,1,0.0,0,2.9444389791664403,0,0,2.4849066497880004,0,0.3561139970734939,9.144005159208383,11.088476294450215,0.0,8.668196064952765,3.044522437723423,0.8659640249373919,2.295898991464027,0.0053896918631463,0.0053896918631463,1
00052B3AB096E61C3008AE77AA6C7DE22C28B08CFB61BCCDFC6128F373209139,1,1,0,1,0,1,0,0,1,0,0,0,0,0,0,0,1,1,1,0,0,1,1,1,0,1,0,0,0,1,0,0,0,0,1,1,0,0,1,1,1,17.795401909504317,10.212956878405215,0,1,0.0,0,2.6390573296152584,0,0,2.302585092994046,0,0.4994916969103047,9.791426313596,11.088476294450215,0.0,8.004365564979574,3.8918202981106265,0.8249376279302204,2.1256081436360814,0.0051595187306431,0.0051595187306431,1
0012C310FCCC199DF391066625EA56C67B08D96A980D50CFC0BDD292DED7077F,0,0,0,0,0,0,0,0,0,0,0,0,0,0,0,0,0,0,0,0,0,0,0,0,0,0,0,0,0,0,0,0,0,0,1,1,0,0,1,1,1,17.57504503143173,10.201252481823865,0,1,0.0,0,2.3978952727983707,0,0,2.0794415416798357,0,0.4863166863360963,9.738339205016963,11.088476294450215,0.0,7.837159650001675,3.8918202981106265,0.7573072087086851,2.587814564348893,0.0108191995766885,0.0108191995766885,1
00110993E74DD0A8866FAD0CB32C967068B20523E2DA290B1D1094E577F0D6D3,0,0,0,0,0,0,0,0,0,0,0,0,0,0,0,0,0,0,0,0,0,0,0,0,1,0,0,0,1,0,0,0,0,0,1,0,0,0,1,0,1,16.51237193025791,9.937822410735714,0,1,0.0,0,2.772588722239781,0,0,2.302585092994046,0,0.3526108479709868,9.086531392134304,11.088476294450215,0.0,7.426549072397305,3.8918202981106265,0.9495028059949848,1.98743562053005,0.0166938802605622,0.0166938802605622,1
00125D0055C95E7D35B1EB81F6AE76BD00698DDE259F297E6D16D45536013CEC,1,1,0,1,1,1,0,1,1,1,1,1,1,0,0,0,1,1,1,0,1,1,1,1,1,1,1,1,1,1,1,0,0,1,1,0,0,0,0,0,1,17.863825562035323,10.216501827334437,0,1,0.0,0,2.4849066497880004,0,0,2.0794415416798357,0,0.4939717076883057,9.773173789409896,11.088476294450215,0.0,8.09101504171053,3.8918202981106265,0.7692574122529003,1.9892999172807289,0.0068536825553401,0.0068536825553401,1
0012A6F19CCAC2B8DE3AA248B743ABBABAD43E7D09F000FB232155D1BE901C8E,1,0,0,0,0,0,0,0,0,0,0,0,0,0,0,0,0,0,1,0,0,0,0,0,1,0,0,0,0,0,0,0,0,0,1,0,0,0,0,0,1,17.358314411694334,10.19707825616984,0,1,0.0,0,2.0794415416798357,0,0,1.791759469228055,0,0.4716741624706994,9.695908104229826,11.088476294450215,0.0,7.662937850461535,4.110873864173311,0.7526593875780179,1.9179208001683077,0.0105832607108819,0.0105832607108819,1
000FB255117B289D61075E4F31C3D203D1873B23C79A51B6E946FC2A49821C7A,0,0,0,0,0,0,0,0,0,0,0,0,0,0,0,0,0,0,0,0,0,0,0,0,0,0,0,0,0,0,0,0,0,0,0,0,0,0,0,0,1,16.913838949747962,10.120461192989028,0,1,0.0,0,2.4849066497880004,0,0,2.1972245773362196,0,0.4336162411811105,9.515738497364175,11.088476294450215,0.0,7.3987862754199485,3.8918202981106265,0.8294252448036035,2.242040406752018,0.0181537069400445,0.0181537069400445,1
0010D6BC37AE06EAB93EB825C6189FFDB1EEE0B8D2CA129F948B28299C473837,0,1,0,1,0,1,0,0,1,0,0,0,0,1,0,0,1,1,0,0,0,1,0,0,0,1,0,1,0,1,0,0,1,0,0,0,0,0,0,0,1,17.134915574416684,10.123421110656146,0,1,0.0,0,2.3978952727983707,0,0,2.0794415416798357,0,0.4313710459100109,9.512325524556282,11.088476294450215,0.0,7.623153068476902,3.044522437723423,0.8218901644227311,2.1349323942287755,0.0136094389365235,0.0136094389365235,1
tuat_kr_sullivan,1,1,1,1,1,1,0,1,1,1,1,1,1,0,1,1,1,1,1,1,1,1,1,1,1,1,1,1,1,1,1,0,0,1,0,0,0,0,0,0,1,18.531803444291302,10.222108059665128,0,1,0.0,1,2.3978952727983707,0,0,2.0794415416798357,0,0.4925113213740563,9.775020476328992,11.088476294450215,0.0,8.756997183623554,3.8918202981106265,0.7109425972091622,2.7811870816983673,0.0087560429222685,0.0087560429222685,0
to_blend_mobile_app,1,1,1,1,1,1,0,1,1,1,1,1,1,0,1,1,1,1,1,1,1,1,1,1,1,1,1,1,1,1,1,0,0,1,1,0,0,0,0,0,1,18.725595460296677,10.24539951034341,0,1,0.0,0,2.4849066497880004,0,0,2.1972245773362196,0,0.5161093524950982,9.857516093018576,11.088476294450215,0.0,8.86827250899781,3.8918202981106265,0.7279132178911533,3.1404270691280396,0.0078447020371479,0.0078447020371479,0
uplayer_video_player,1,1,0,1,1,1,1,1,1,1,1,1,1,1,1,1,1,1,1,1,1,1,1,1,1,1,1,1,1,1,1,1,1,1,0,0,0,0,0,0,1,17.635417090273386,10.1429547152481,0,1,0.0,0,2.4849066497880004,0,0,2.1972245773362196,0,0.4406119008533511,9.55773016009042,11.088476294450215,0.0,8.078067881815437,3.8918202981106265,0.7663944315708638,3.010927140076216,0.0185114379128868,0.0185114379128868,0
us_zoom_videomeetings4intune,1,1,0,1,1,1,0,1,1,1,1,1,0,0,0,0,1,1,1,0,1,1,1,1,0,1,1,1,0,1,0,0,0,1,1,0,0,0,0,0,1,19.34340376820711,10.26847110173724,0,1,0.0,0,2.3978952727983707,0,0,2.0794415416798357,0,0.5152322735714367,9.942656416137655,11.089820688682371,0.0,9.400878083541478,3.044522437723423,0.711634703375468,2.9601296638406582,0.0045189034899679,0.0045189034899679,0
wp_wattpad,1,1,1,1,1,1,0,1,1,1,1,1,1,0,1,1,1,1,1,1,1,1,1,1,1,1,1,1,1,1,1,1,0,1,1,0,0,0,0,0,1,17.865752994970126,9.987684803066818,0,1,0.0,1,2.302585092994046,0,0,2.0794415416798357,0,0.3582980856842387,9.153921519016317,11.088476294450215,0.0,8.712101863715663,3.8918202981106265,0.7693456963910627,2.923169804844496,0.0100235501863967,0.0100235501863967,0
zynoff_mobile,1,0,0,0,0,0,0,1,0,1,1,0,1,0,1,1,0,0,1,1,1,0,1,1,1,0,1,0,1,0,1,0,0,1,0,0,0,0,1,0,1,17.698657617351504,10.090743424321262,0,1,0.0,0,2.3978952727983707,0,0,2.0794415416798357,0,0.4112046697383215,9.421580785551988,11.088476294450215,0.0,8.277411998949004,3.8918202981106265,0.7348986460698375,3.532938074949982,0.0138402834394646,0.0138402834394646,0
rto_owner_address_parivahan_car_malik_address_finder,1,1,1,1,1,1,1,0,1,0,0,1,0,1,1,1,1,1,1,1,1,1,1,1,0,1,1,1,0,1,1,1,1,0,0,0,0,0,0,0,1,16.948559874517724,10.013797525307336,0,1,0.0,0,2.302585092994046,0,0,2.0794415416798357,0,0.377351048427175,9.242043801047505,11.088476294450215,0.0,7.707062655370473,4.110873864173311,0.7896162914581961,3.0360263577580184,0.0267569085098252,0.0267569085098252,0
tech_baatu_parentcop,1,1,0,1,1,1,0,1,1,1,1,1,0,0,1,0,1,1,1,0,1,1,1,1,0,1,1,1,0,1,1,0,0,1,0,0,0,0,0,0,1,17.577161362779908,10.151699960722732,0,1,0.0,0,2.0794415416798357,0,0,1.9459101490553132,0,0.4496395059165445,9.591404988823744,11.088476294450215,0.0,7.986164860332727,3.8918202981106265,0.7368564704538959,2.963355712809145,0.0187015962743353,0.0187015962743353,0
video_player_videoplayer,1,1,1,1,1,1,1,1,1,1,1,1,1,1,1,1,1,1,1,1,1,1,1,1,1,1,0,1,1,1,1,1,1,1,0,0,0,0,0,0,1,17.209370049709246,10.070616829769651,0,1,0.0,1,2.70805020110221,0,0,2.302585092994046,0,0.4045329867245346,9.381814715500695,11.088476294450215,0.0,7.828038032125829,3.8918202981106265,0.7903433954387141,2.853085055905409,0.0237744092238868,0.0237744092238868,0
videopalyer_hd_video_music_player,1,1,1,1,1,1,1,1,1,1,1,1,1,1,1,1,1,1,1,1,1,1,1,1,1,1,1,1,1,1,1,1,1,1,0,0,0,0,0,0,1,17.82138553507333,10.028439776379264,0,1,0.0,0,2.0794415416798357,0,0,1.9459101490553132,0,0.3817082517443103,9.269498760152166,11.088476294450215,0.0,8.552174160311482,4.110873864173311,0.7521602892955697,3.0419307078169417,0.0108261731840234,0.0108261731840234,0
revive_app,1,1,1,1,1,1,1,1,1,1,1,1,1,1,1,1,1,1,1,1,1,1,1,1,1,1,1,1,1,1,1,1,1,1,1,0,0,0,0,0,1,18.675209769873412,10.23401505976048,0,1,0.0,0,2.6390573296152584,0,0,2.302585092994046,0,0.5053156258621087,9.819315620343223,11.088476294450215,0.0,8.85609105525229,3.8918202981106265,0.7385606471575903,2.8940293819958565,0.008509851634187,0.008509851634187,0
yesmadamservices_app_com_yesmadamservices,1,1,1,1,1,1,0,1,1,1,1,1,1,0,1,1,1,1,1,1,1,1,1,1,1,1,1,1,1,1,1,0,0,1,1,0,0,0,0,0,1,17.991722792367945,10.030015281196343,0,1,0.0,0,2.302585092994046,0,0,2.0794415416798357,0,0.3784559073988653,9.261612188033835,11.088476294450215,0.0,8.730367211692958,4.110873864173311,0.7612218836208797,3.1831908222534744,0.009445348103305,0.009445348103305,0
ringtonemaker_musiccutter_customringtones_freeringtonemaker,1,1,0,1,1,1,1,1,1,0,1,1,1,1,1,1,1,1,1,1,1,1,1,1,1,1,1,1,1,1,1,1,1,1,0,0,0,0,0,0,1,17.429546119201248,10.12883646623385,0,1,0.0,0,2.4849066497880004,0,0,2.1972245773362196,0,0.4341800000467713,9.525653416932936,11.088904252333467,0.0,7.904334842085095,3.8918202981106265,0.7728698733219747,2.908797083570172,0.0202272468057511,0.0202272468057511,0
weather_radar_alert,1,1,1,1,1,1,1,1,1,1,1,1,1,1,1,1,1,1,1,1,1,1,1,1,1,1,1,1,1,1,1,1,1,1,0,0,0,0,0,0,1,17.60476251576239,10.031008029870492,0,1,0.0,0,2.1972245773362196,0,0,1.9459101490553132,0,0.3856711221440504,9.285137903739214,11.088476294450215,0.0,8.31996102188653,3.044522437723423,0.7320627605912666,2.956029291188763,0.0149651365123604,0.0149651365123604,0
screenrecorder_recorder_editor,1,1,0,1,1,1,1,1,1,1,1,1,1,1,1,0,1,1,1,0,1,1,1,1,1,1,0,1,1,1,1,0,1,1,1,0,0,0,0,0,1,18.434346490824037,10.22323314392125,0,1,0.0,0,2.3978952727983707,0,0,2.0794415416798357,0,0.496033842919711,9.785129233139251,11.088476294450215,0.0,8.649448770536708,3.8918202981106265,0.723085183594228,3.2903681234871907,0.0098025227051756,0.0098025227051756,0
redwhite_cricket_liveline_score,1,1,1,1,1,1,1,1,1,1,1,1,1,1,1,1,1,1,1,1,1,1,1,1,1,1,1,1,1,1,1,1,1,1,1,1,0,0,1,0,1,17.205733102479197,10.06646799664002,0,1,0.0,1,2.70805020110221,0,0,2.302585092994046,0,0.4017768541944412,9.369448602274725,11.088476294450215,0.0,7.836764783264067,3.8918202981106265,0.7764693670697638,2.4286297295931973,0.0226018698051686,0.0226018698051686,0
us_zoom_videomeetings,0,1,0,1,1,1,0,1,1,1,1,1,0,0,0,0,1,1,1,0,1,1,1,1,0,1,1,1,0,1,0,0,0,1,1,1,0,0,0,0,1,19.31749705834361,10.260035510613836,0,1,0.0,0,2.772588722239781,0,0,2.3978952727983707,0,0.5282401224538507,9.905082419764884,11.089209824443223,0.0,9.412546252075511,4.110873864173311,0.7492115633223303,2.8976612374840727,0.0045414351079293,0.0045414351079293,0
th_co_bualuang_blsgo,1,0,0,0,0,0,0,1,0,1,1,0,1,0,1,1,0,0,1,1,1,0,1,0,1,0,1,0,1,0,1,0,0,1,1,0,0,0,0,0,1,18.083409440162,10.19514879961416,0,1,0.0,0,2.4849066497880004,0,0,2.1972245773362196,0,0.4743123092753911,9.700952365094084,11.088476294450215,0.0,8.382747094863314,3.8918202981106265,0.7681672658074983,2.7572186450777383,0.0126991756759615,0.0126991756759615,0
videoeditor_videomaker_videoeditorforyoutube,1,1,1,1,1,1,1,1,1,1,1,1,1,1,1,1,1,1,1,1,1,1,1,1,1,1,1,1,1,1,1,1,1,1,0,0,0,0,0,0,1,17.860804939715635,10.063221500937598,0,1,0.0,0,2.0794415416798357,0,0,1.9459101490553132,0,0.3950150625012526,9.345100108115355,11.088476294450215,0.0,8.515992470839718,4.110873864173311,0.7613955151473699,3.3271028060975256,0.0114849228563214,0.0114849228563214,0
za_co_shoprite_sixty60,1,1,1,1,1,1,0,1,1,1,1,1,1,0,1,1,1,1,1,1,1,1,1,1,1,1,1,1,1,1,1,0,0,1,1,0,0,0,0,0,1,19.040853133911934,10.21588222301544,0,1,0.0,0,2.4849066497880004,0,0,2.1972245773362196,0,0.4842737984569421,9.74760967172402,11.088476294450215,0.0,9.293393927111468,3.8918202981106265,0.733755898863624,2.8914882975679763,0.0051520913812064,0.0051520913812064,0
railrestro_mobile_app,1,1,0,1,1,1,0,1,1,1,1,1,0,0,0,0,1,1,1,0,1,1,1,1,0,1,0,1,0,1,0,0,0,1,1,1,0,0,1,0,1,16.823019365134762,9.978967158631358,0,1,0.0,0,2.6390573296152584,0,0,2.302585092994046,0,0.3640389017319213,9.16489644426727,11.088476294450215,0.0,7.6586995582682995,3.044522437723423,0.8470483183458484,2.7086043230609715,0.0275431607641339,0.0275431607641339,0
todolist_scheduleplanner_dailyplanner_todo_reminders,1,1,0,1,1,1,1,1,1,1,1,1,1,1,1,1,1,1,1,1,1,1,1,1,1,1,1,1,1,1,1,1,1,1,0,0,0,0,0,0,1,17.40434470674075,10.11405668365955,0,1,0.0,0,2.0794415416798357,0,0,1.9459101490553132,0,0.4250763728265738,9.485064469508094,11.088476294450215,0.0,7.919719760924575,4.110873864173311,0.738052408432888,2.864240683947057,0.0198678862629542,0.0198678862629542,0
ru_yandex_weatherplugin,1,1,1,1,1,1,0,1,1,1,1,1,1,0,1,1,1,1,1,1,0,1,1,1,1,1,1,1,1,1,1,0,0,1,1,0,0,0,0,0,1,17.952087032305524,10.18777167014644,0,1,0.0,1,2.302585092994046,0,0,2.0794415416798357,0,0.4687186649485211,9.67881301554267,11.088476294450215,0.0,8.273591798199632,3.044522437723423,0.7521198928283259,2.566352840947487,0.0145738909329841,0.0145738909329841,0
video_player_audio_player_music,1,1,0,1,1,1,1,1,1,1,1,1,1,1,1,1,1,1,1,1,1,1,1,1,1,1,1,1,1,1,1,1,1,1,0,0,0,0,0,0,1,17.16079268215906,10.09306943244645,0,1,0.0,0,2.6390573296152584,0,0,2.302585092994046,0,0.4211506171241209,9.452909579096035,11.088476294450215,0.0,7.708410667257367,3.8918202981106265,0.7929779514232077,2.8424223352546836,0.0245989623531463,0.0245989623531463,0
000142080A2854488DAC3F43D11F15A3BEFB2F1CEDAA904FCEEB2C2E28D6A29F,0,0,0,0,0,0,0,0,0,0,0,0,1,0,0,0,0,0,0,0,0,0,0,0,1,0,0,0,1,0,1,0,1,0,0,0,0,0,0,0,1,17.580338457378843,10.138913936483986,0,1,0.0,0,2.772588722239781,0,0,2.3978952727983707,0,0.4438688243728887,9.562771574462886,11.088476294450215,0.0,8.017966703493599,3.8918202981106265,0.8283310744268203,1.7656249010604887,0.0103478057945295,0.0103478057945295,1
00010212C58DAC25E27496BF1BADAFBEABE2613C3D772EDAA97C2906A8DD8E6E,0,0,0,0,0,0,0,0,0,0,0,0,0,0,0,0,0,0,0,0,0,0,0,0,0,0,0,0,0,0,0,0,0,0,1,0,0,0,1,0,1,17.036430731726533,10.03688653830772,0,1,0.0,0,2.1972245773362196,0,0,1.9459101490553132,0,0.3763141492375564,9.26166992621054,11.088476294450215,0.0,7.7752758464868625,3.8918202981106265,0.79298090495176,2.176371541414424,0.0116651436482678,0.0116651436482678,1
00018B522A51D6573A615153E7BFB33AC961BF5EF604AC7EDB04072CE238B9AF,0,0,0,0,0,0,0,0,0,0,0,0,0,0,0,0,0,0,0,0,0,0,0,0,0,0,0,0,0,0,0,0,0,0,1,0,0,0,1,0,1,16.570269202402308,10.010693100427234,0,1,0.0,0,1.791759469228055,0,0,1.791759469228055,0,0.3782913668146647,9.24192868111591,11.088476294450215,0.0,7.329093736246592,4.110873864173311,0.7167142160704714,2.045646873917941,0.0195633024273057,0.0195633024273057,1
00005B6B8FDD182A2F7FF41FE9738CDDE5D39AF500D60DF38AE618BD76082CB5,0,0,0,0,0,0,0,0,0,0,0,0,0,0,0,0,0,0,0,0,0,0,0,0,0,0,0,0,0,0,0,0,0,0,1,1,0,0,1,0,1,16.452244977425853,9.593416855778305,0,1,0.0,0,2.5649493574615367,0,0,2.1972245773362196,0,0.2465893419441157,8.339656310030747,11.088476294450215,0.0,8.11312710422178,3.8918202981106265,0.7939946128051172,1.4077818350887588,0.0070284615526233,0.0070284615526233,1
00012AD75F4263341ADAF25A1AD4053584F797EAA205FC09FD240395C4C82F4F,0,0,0,0,0,0,0,0,0,0,0,0,0,0,0,0,0,0,0,0,0,0,0,0,0,0,0,0,0,0,0,0,0,0,0,0,0,0,0,1,1,17.179246680392584,10.109131716311587,0,1,0.0,0,1.791759469228055,0,0,1.6094379124341005,0,0.4278548526304863,9.48812229733156,11.088476294450215,0.0,7.691656822810547,3.8918202981106265,0.7517752781060816,1.83935845105848,0.0080580553350337,0.0080580553350337,1
00026A23B3B23660F09F453907E84BF0DF8F4DBD3D28725AEC5B1D725D4BAD70,1,0,0,0,0,0,0,0,0,0,0,0,1,0,0,0,0,0,1,0,0,0,0,0,1,0,0,0,1,0,0,0,0,0,0,0,0,0,0,0,1,17.4589258269533,10.136471626463214,0,1,0.0,0,2.4849066497880004,0,0,2.1972245773362196,0,0.4488303386907826,9.574042367277212,11.088476294450215,0.0,7.885329239273191,3.8918202981106265,0.8067176210772442,1.636456782909357,0.0093845112064526,0.0093845112064526,1
000289D22687E8289BB6B247D5C17A2376D29C6E667E8121F770D5D13FC274D5,0,0,0,0,0,0,0,0,0,0,0,0,1,0,0,0,0,0,1,0,0,0,1,0,1,0,0,0,1,0,1,0,0,0,0,0,0,0,0,0,1,17.050814145202487,10.136663889021532,0,1,0.0,0,1.3862943611198906,0,0,1.3862943611198906,0,0.4418001058470117,9.554787624381923,11.088476294450215,0.0,7.496652438168283,3.044522437723423,0.6956900042591936,1.9590841376506565,0.0139320823076792,0.0139320823076792,1
0002D1950CC73492ADBFDA00645B13C47826A7F4299C29572F838B5F35842F01,0,0,0,0,0,0,0,0,0,0,0,0,0,0,0,0,0,0,0,0,0,0,0,0,0,0,0,0,0,0,0,0,0,0,0,0,0,0,1,0,1,16.277566013293736,9.911621036396014,0,1,0.0,0,1.9459101490553132,0,0,1.9459101490553132,0,0.3456015735996265,9.037035163751847,11.088476294450215,0.0,7.241366283322318,3.8918202981106265,0.7738456967886321,1.6297168707354308,0.0172744100405767,0.0172744100405767,1
00021820DEB84161664762DB6DFDD14359A3DC2C7F7C0E0BD7587DC4005E0A3A,1,0,0,0,0,0,0,0,0,0,0,0,1,0,0,0,0,0,1,0,0,0,1,1,1,0,0,0,1,0,1,0,0,0,0,0,0,0,0,0,1,16.127737320319046,9.898171814171617,0,1,0.0,0,1.791759469228055,0,0,1.791759469228055,0,0.3436694205561873,9.017162415523687,11.089698545683303,0.0,7.111512116496157,3.8918202981106265,0.7088756701802608,1.8133505258813392,0.0254623673300054,0.0254623673300054,1
0001EF3DC57C9905FE7EAD593F2C3C092AAE46FA924116EAA704BE896106371D,0,0,0,0,0,0,0,0,0,0,0,0,0,0,0,0,0,0,0,0,0,0,0,0,0,0,0,0,0,0,0,0,0,0,0,0,0,0,0,0,1,16.611472547230946,10.061980812470004,0,1,0.0,0,1.6094379124341005,0,0,1.6094379124341005,0,0.4061647606802532,9.37810162669672,11.088476294450215,0.0,7.234177179749849,3.8918202981106265,0.7088366601154151,2.606373188757868,0.0224435442699264,0.0224435442699264,1
000234B3B17AA773825C5CC4512702ADD18509BDEBB039F36AA6F5D0EE7A78B6,0,0,0,0,0,0,0,0,0,0,0,0,0,0,0,0,0,0,0,0,0,0,0,0,0,0,0,0,0,0,0,0,0,0,1,0,0,1,1,1,1,16.808355266512308,10.057435271463357,0,1,0.0,0,1.3862943611198906,0,0,1.3862943611198906,0,0.3999133517863006,9.35487989054048,11.088476294450215,0.0,7.454141078146678,4.110873864173311,0.6996999590786587,2.2315329163982462,0.0166785361555487,0.0166785361555487,1
0002996DF1C09CEE8CAA4E44AD873BB838272F25DE5EB2B7640D4FC5CC1E47C5,0,0,0,0,0,0,0,0,0,0,0,0,0,0,0,0,0,0,1,0,0,0,0,0,0,0,0,0,0,0,0,0,0,0,1,0,0,0,0,0,1,15.973225936094668,9.726670618055556,0,1,0.0,0,2.70805020110221,0,0,2.3978952727983707,0,0.293075822536446,8.664186129735207,11.088476294450215,0.0,7.309881485824787,3.8918202981106265,1.0170699896951476,2.0402575276250157,0.019243090561229,0.019243090561229,1
000361DE8A2FA316B685ADABA1FB6BA0499182E773E8621E958337CAF931EFFB,0,0,0,0,0,0,0,0,0,0,0,0,0,0,0,0,0,0,0,0,0,0,0,1,0,0,0,0,0,0,0,0,0,0,0,0,0,0,0,0,1,16.40938767468824,9.922704848413874,0,1,0.0,0,2.0794415416798357,0,0,1.9459101490553132,0,0.3462009532619504,9.050037355245058,11.088476294450215,0.0,7.360103972989152,3.8918202981106265,0.7609422111027918,2.505030059121023,0.0191288304015204,0.0191288304015204,1
000314F0837FF123AF5445038690A6A697E4FEB6CCE50066D9E776C1EDC1942D,0,0,0,0,0,0,0,0,0,0,0,0,0,0,0,0,0,0,0,0,0,0,0,0,0,0,0,0,0,0,0,0,0,0,0,0,0,1,1,0,1,17.406977907276474,10.162871241134816,0,1,0.0,0,2.0794415416798357,0,0,1.9459101490553132,0,0.4643238189882092,9.642322259168244,11.088476294450215,0.0,7.7651449029361315,3.8918202981106265,0.7387738955774947,2.1333767864209734,0.0125855741887483,0.0125855741887483,1
000346F87D850BB9F756009D54FDCDD6F3944A597946D84BD7F596D96B883A2F,1,0,0,0,0,0,0,0,0,0,0,0,1,0,0,0,0,0,1,0,0,0,1,1,1,0,0,0,1,0,1,0,0,0,1,0,0,0,0,0,1,17.054883749133772,10.12606020315488,0,1,0.0,0,1.791759469228055,0,0,1.791759469228055,0,0.440527156690669,9.540700926168348,11.088476294450215,0.0,7.51479976048867,3.8918202981106265,0.7451924430695196,1.8640261691282456,0.0132877575307999,0.0132877575307999,1
00036ABBB6497F684E879A70E1AE4759342DF4E559486639ED55657F155B6351,1,1,0,1,0,1,0,0,1,0,0,0,1,0,0,0,1,1,1,0,0,1,1,0,1,1,0,1,1,1,1,0,1,0,0,0,0,0,0,0,1,17.616241021338094,10.180564951442294,0,1,0.0,0,1.791759469228055,0,0,1.791759469228055,0,0.4685149579415278,9.671102948803211,11.088476294450215,0.0,7.945555428253489,3.8918202981106265,0.7281354775759721,2.0009677007930557,0.0085356802801144,0.0085356802801144,1
000371520366622D75A974E3DA635976A5F8D6569A5D2CAEB08BDAB46E842734,0,0,0,0,0,0,0,0,0,0,0,0,0,0,0,0,0,0,0,0,0,0,0,0,0,0,0,0,0,0,0,0,0,0,1,1,0,1,1,1,1,17.235452360160455,10.148974225281084,0,1,0.0,0,2.0794415416798357,0,0,1.9459101490553132,0,0.4465283636308435,9.58013077291895,11.088476294450215,0.0,7.655864017616056,3.8918202981106265,0.7495261220626176,2.5785761616313305,0.0145341264732367,0.0145341264732367,1
000371520366622D75A974E3DA635976A5F8D6569A5D2CAEB08BDAB46E842734,0,0,0,0,0,0,0,0,0,0,0,0,0,0,0,0,0,0,0,0,0,0,0,0,0,0,0,0,0,0,0,0,0,0,1,1,0,1,1,1,1,17.252204161361895,9.976741808504022,0,1,0.0,0,2.70805020110221,0,0,2.3978952727983707,0,0.3663660226519538,9.168979748625164,11.088476294450215,0.0,8.083637203141548,3.8918202981106265,0.8193632097608329,2.2863919766455933,0.0075482165623672,0.0075482165623672,1
000371520366622D75A974E3DA635976A5F8D6569A5D2CAEB08BDAB46E842734,0,0,0,0,0,0,0,0,0,0,0,0,0,0,0,0,0,0,0,0,0,0,0,0,0,0,0,0,0,0,0,0,0,0,1,1,0,0,1,1,1,17.235452360160455,10.148974225281084,0,1,0.0,0,2.0794415416798357,0,0,1.9459101490553132,0,0.4465283636308435,9.58013077291895,11.088476294450215,0.0,7.655864017616056,3.8918202981106265,0.7495261220626176,2.5785761616313305,0.0145341264732367,0.0145341264732367,1
000371520366622D75A974E3DA635976A5F8D6569A5D2CAEB08BDAB46E842734,0,0,0,0,0,0,0,0,0,0,0,0,0,0,0,0,0,0,0,0,0,0,0,0,0,0,0,0,0,0,0,0,0,0,1,1,0,0,1,1,1,17.252204161361895,9.976741808504022,0,1,0.0,0,2.70805020110221,0,0,2.3978952727983707,0,0.3663660226519538,9.168979748625164,11.088476294450215,0.0,8.083637203141548,3.8918202981106265,0.8193632097608329,2.2863919766455933,0.0075482165623672,0.0075482165623672,1
000183CF190B53ABAF0E6B9C5D6F44B7804334C5DB3ACB2308E7CC3259122C3E,0,0,0,0,0,0,0,0,0,0,0,0,0,0,0,0,0,0,0,0,0,0,0,1,0,0,0,0,0,0,0,0,0,0,0,0,0,0,0,0,1,16.6879233479793,9.89629231012314,0,1,0.0,0,2.3978952727983707,0,0,2.1972245773362196,0,0.3301347034674624,8.96847667232727,11.088476294450215,0.0,7.720017940432244,3.044522437723423,0.8130283523512759,2.394161394663825,0.0123540961976051,0.0123540961976051,1
000117948810F5DE07F0B296F68535C72B68E4A74B695CE08C488E319FCBF906,0,1,0,1,0,1,0,0,1,0,0,0,0,1,0,0,1,1,0,0,0,1,0,0,0,1,0,1,0,1,0,0,1,0,0,0,0,0,1,1,1,15.212078712469172,9.511054832868153,0,1,0.0,0,1.9459101490553132,0,0,1.6094379124341005,0,0.2519534418880397,8.282814550836298,11.071330462204312,0.0,6.930494765951626,4.110873864173311,0.7288496061762284,2.5772874759855715,0.0263699141931427,0.0263699141931427,1
00026B5BA69D84234A229C2638D90FB4287B1C7E5DF5987F6E3028AA02EF1CD7,0,0,0,0,0,0,0,0,0,0,0,0,0,0,0,0,0,0,0,0,0,0,0,0,0,0,0,0,0,0,0,0,0,0,1,0,0,1,1,0,1,17.023940615270806,10.12116591271444,0,1,0.0,0,1.3862943611198906,0,0,1.3862943611198906,0,0.4355273860756343,9.521827326646155,11.088476294450215,0.0,7.502738210754851,4.110873864173311,0.6989239723898518,2.236175493664185,0.0168476039973177,0.0168476039973177,1
00016A9CC8E89A55E827BC17B84FC9C0F23A5FF5B21ADA378688DDB3D64A16EF,0,0,0,0,0,0,0,0,0,0,0,0,0,0,0,0,0,0,0,0,0,0,0,0,0,0,0,0,0,0,0,0,0,0,1,0,0,1,1,0,1,16.133141196950174,9.840132042446902,0,1,0.0,0,2.1972245773362196,0,0,2.0794415416798357,0,0.3274416789205274,8.903438250322733,11.088476294450215,0.0,7.2305631534092925,3.8918202981106265,0.7251239656482804,1.6581962415398592,0.0196636458494394,0.0196636458494394,1
00021576BF9645ECAD95279718EBC3ED25B3E0F9C667ABE950CF4B42A9453996,1,1,0,1,0,1,0,0,1,0,0,0,1,1,0,0,1,1,1,0,0,1,1,0,1,1,0,1,1,1,1,0,1,0,0,0,0,0,0,0,1,17.415135047399644,10.166070887751143,0,1,0.0,0,1.3862943611198906,0,0,1.3862943611198906,0,0.4617748674702887,9.63866515397868,11.088476294450215,0.0,7.776954403322442,3.8918202981106265,0.6937653080860331,2.1235128557784204,0.0112735049517594,0.0112735049517594,1
00012E8F2E49E601EDC786CABAB52FA844D50ADD7D3D09EFD7F8B23E6BA42EFB,1,1,0,1,0,1,0,1,1,0,1,1,1,0,0,0,1,1,1,0,0,1,1,1,1,1,0,1,1,1,1,0,1,1,1,0,0,0,0,0,1,17.535346574861265,10.029739334496128,0,1,0.0,0,2.0794415416798357,0,0,1.9459101490553132,0,0.3807765912626878,9.268248742786378,11.088476294450215,0.0,8.267448958304849,3.8918202981106265,0.7729569593839182,2.1160464544348314,0.0081178738756928,0.0081178738756928,1
000287DD9FB45D48634157C56FDE589F5F6D1D27070827296121C723E3B5941C,1,0,0,0,0,0,0,0,0,0,0,0,0,0,0,0,0,0,1,0,0,0,0,0,1,0,0,0,1,0,0,0,0,0,0,0,0,0,1,0,1,16.147790851664162,9.92855317782996,0,1,0.0,0,1.9459101490553132,0,0,1.9459101490553132,0,0.3546106019764988,9.08400026635676,11.088476294450215,0.0,7.064759027791802,3.8918202981106265,0.8125935649812127,1.9832080054725332,0.0259340035783214,0.0259340035783214,1
musicplayer_mp3player_musicapp,1,1,0,1,1,1,1,1,1,1,1,1,1,1,1,1,1,1,1,1,1,1,1,1,1,1,1,1,1,1,1,1,1,1,0,0,0,0,0,0,1,17.09190210172026,10.053664953536623,0,1,0.0,1,2.3978952727983707,0,0,2.0794415416798357,0,0.3930241493014856,9.33024578366448,11.088476294450215,0.0,7.762170607138205,3.8918202981106265,0.7832135145497577,2.549755752296431,0.0257714209479259,0.0257714209479259,0
org_ieee_mobile_mcoe_ieee,1,0,1,0,0,0,0,1,0,1,1,0,1,0,1,0,0,0,1,0,1,0,1,0,1,0,1,0,1,0,1,0,0,1,0,0,0,0,0,0,1,16.588979205456255,9.97417902099722,0,1,0.0,1,2.3978952727983707,0,0,2.0794415416798357,0,0.3647735713236299,9.162534972766537,11.088476294450215,0.0,7.427144133408616,3.8918202981106265,0.7562505919433945,3.516535232843619,0.0341170539120354,0.0341170539120354,0
paper_puzzle_fold_fun_play,0,1,1,1,1,1,1,0,1,1,0,1,0,1,1,1,1,1,1,1,1,1,0,1,0,1,0,1,0,1,0,1,1,0,0,0,0,0,0,0,1,17.092150408807925,10.130472565813712,0,1,0.0,1,2.6390573296152584,0,0,2.302585092994046,0,0.437578917865492,9.53684057383822,11.088476294450215,0.0,7.555905093611346,3.8918202981106265,0.8222953859129852,3.1818783411750435,0.029217696892456,0.029217696892456,0
math_games_education_learn_logic_fun,0,1,1,1,1,1,1,0,1,0,0,1,0,1,1,1,1,1,1,1,1,1,0,1,0,1,0,1,0,1,1,1,1,0,1,0,0,0,0,0,1,18.144623731225373,10.12165698757315,0,1,0.0,0,2.9444389791664403,0,0,2.4849066497880004,0,0.4180721841535383,9.472385840326837,11.088476294450215,0.0,8.672486075822272,3.8918202981106265,0.7954907719673828,2.4744724923358716,0.0104131499484884,0.0104131499484884,0
pedometer_stepcounter_calorieburner_pedometerforwalking,1,1,1,1,1,1,1,1,1,1,1,1,1,1,1,1,1,1,1,1,1,1,1,1,1,1,0,1,1,1,1,1,1,1,1,0,0,0,0,0,1,16.879148926010302,10.006564560062015,0,1,0.0,0,2.1972245773362196,0,0,1.9459101490553132,0,0.3803892948576439,9.244424855203064,11.088476294450215,0.0,7.635303886259415,3.8918202981106265,0.7883448687418734,3.044303136705533,0.0201339715259598,0.0201339715259598,0
pdf_reader_pdfviewer_pdfeditor,1,1,1,1,1,1,1,1,1,0,1,1,1,1,1,1,1,1,1,1,1,1,1,1,1,1,1,1,1,1,1,1,1,1,0,0,0,0,0,0,1,17.069635372971746,10.098309873190177,0,1,0.0,1,2.4849066497880004,0,0,2.1972245773362196,0,0.4238213720052993,9.465814823727516,11.088476294450215,0.0,7.604396348796338,3.8918202981106265,0.7489283507634855,3.0698584615727413,0.0289847833361737,0.0289847833361737,0
org_thunderdog_challegram,1,1,1,1,1,1,0,1,1,1,1,1,0,0,0,0,1,1,1,0,1,1,1,1,0,1,1,1,0,1,0,0,0,1,1,0,0,0,0,0,1,17.300767063000734,10.132640476736418,0,1,0.0,0,2.3978952727983707,0,0,2.0794415416798357,0,0.438679346690899,9.54207825831366,11.088476294450215,0.0,7.759187438507795,3.8918202981106265,0.7839009369323388,3.0758773162492052,0.022663826466539,0.022663826466539,0
maxplayer_mediaplayer_videoplayer,1,1,1,1,1,1,1,1,1,1,1,1,1,1,1,1,1,1,1,1,1,1,1,1,1,1,0,1,1,1,1,1,1,1,0,0,0,0,0,0,1,17.21408650667147,9.960231106668374,0,1,0.0,0,2.6390573296152584,0,0,2.302585092994046,0,0.3512128993098964,9.103169953646148,11.088476294450215,0.0,8.111328003286733,3.8918202981106265,0.843190343111033,2.9124659203982013,0.0174098974182427,0.0174098974182427,0
mirchi_livevideo_chat,1,1,1,1,1,1,0,1,1,1,1,1,1,0,1,1,1,1,1,1,1,1,1,1,1,1,1,1,1,1,1,0,0,1,0,0,0,0,0,0,1,17.851444858405774,10.113552743059818,0,1,0.0,0,3.1354942159291497,0,0,2.6390573296152584,0,0.4243102039293125,9.482363914682416,11.088476294450215,0.0,8.369388996647842,3.044522437723423,0.8792142940042349,2.48104277410843,0.0141932110525211,0.0141932110525211,0
org_acharyaprashant_apbooks,1,0,1,0,0,0,0,1,0,1,1,0,1,0,0,0,0,0,1,0,1,0,1,1,1,0,1,0,1,0,1,0,0,1,1,0,0,0,0,0,1,18.29323205980445,10.209083586128514,0,1,0.0,1,2.8903717578961645,0,0,2.4849066497880004,0,0.481711265701861,9.7341886794102,11.088476294450215,0.0,8.559294367434873,3.8918202981106265,0.7981354392416788,2.3828762313093836,0.0112401447079853,0.0112401447079853,0
net_openkochi_yatripartner,1,1,1,1,1,1,0,1,1,1,1,1,1,0,1,1,1,1,1,1,1,1,1,1,1,1,1,1,1,1,1,0,0,1,1,0,0,0,0,0,1,18.015468628838775,10.202481711131671,0,1,0.0,0,2.772588722239781,0,0,2.302585092994046,0,0.4825351098248981,9.72976268150723,11.088476294450215,0.0,8.286017468404763,3.8918202981106265,0.8141511243331505,2.4858083395740125,0.0144516603934715,0.0144516603934715,0
org_telegram_messenger,1,0,1,0,0,0,0,1,0,1,1,0,0,0,0,0,0,0,1,0,1,0,1,1,1,0,0,0,1,0,0,0,0,1,1,1,0,0,1,0,1,17.829547134274122,10.152534262826835,0,1,0.0,1,2.6390573296152584,0,0,2.302585092994046,0,0.4529038925170905,9.60117088497841,11.088476294450215,0.0,8.228710798793687,3.8918202981106265,0.8084249724429897,3.0618796038584186,0.0160085165677181,0.0160085165677181,0
mobi_mangatoon_novel_portuguese,1,1,1,1,1,1,1,1,1,1,1,1,1,1,1,1,1,1,1,1,1,1,1,1,1,1,1,1,1,1,1,1,1,1,0,0,0,0,0,0,1,17.468688764334424,10.13171708364666,0,1,0.0,0,2.5649493574615367,0,0,2.1972245773362196,0,0.4409803954468265,9.54758739263709,11.088476294450215,0.0,7.921535632133549,3.8918202981106265,0.7841912072103041,2.3944546375215525,0.0203673754640574,0.0203673754640574,0
net_skyscanner_android_main,1,1,1,1,1,1,0,1,1,1,1,1,1,0,1,1,1,1,1,1,1,1,1,1,1,1,1,1,1,1,1,0,0,1,1,0,0,0,0,0,1,18.01193552716475,10.19375133289182,0,1,0.0,0,2.70805020110221,0,0,2.302585092994046,0,0.4761101714116503,9.704290568545112,11.088476294450215,0.0,8.30795254527102,3.044522437723423,0.8361048173315498,2.8695194658262695,0.0148541165410197,0.0148541165410197,0
myradio_radio_fmradio_liveradio_radiostation,1,1,0,1,1,1,1,1,1,1,1,1,1,1,1,1,1,1,1,1,1,1,1,1,1,1,0,1,1,1,1,1,1,1,0,0,0,0,0,0,1,17.25078187311018,10.098784104119591,0,1,0.0,1,3.044522437723423,0,0,2.5649493574615367,0,0.4091905205419209,9.423621735282993,11.088476294450215,0.0,7.827639546366422,3.8918202981106265,0.9297013443252096,2.10918516026655,0.0232951054678387,0.0232951054678387,0
music_ytstream_youtify,1,1,1,1,1,1,1,1,1,1,1,1,1,1,1,1,1,1,1,1,1,1,1,1,1,1,1,1,1,1,1,1,1,1,1,0,0,0,0,0,1,17.8168414746607,10.134654184615345,0,1,0.0,1,2.772588722239781,0,0,2.302585092994046,0,0.4356020370273892,9.535442846415757,11.088476294450215,0.0,8.281723990411392,3.8918202981106265,0.8595492137873398,2.098940208050612,0.0149568202078131,0.0149568202078131,0
org_player,1,1,1,1,1,1,1,1,1,1,1,1,1,1,1,1,1,1,1,1,1,1,1,1,1,1,1,1,1,1,1,1,1,1,0,0,0,0,0,0,1,18.17113711972922,10.20655499233947,0,1,0.0,0,2.0794415416798357,0,0,1.9459101490553132,0,0.4861834316754311,9.74327107320596,11.088476294450215,0.0,8.428143374582726,4.110873864173311,0.7323534939822224,2.6584221740073524,0.00978159029627,0.00978159029627,0
net_manta_comic,1,1,1,1,1,1,1,1,1,1,1,1,1,1,1,1,1,1,1,1,1,1,1,1,1,1,1,1,1,1,1,1,1,1,1,0,0,0,0,0,1,17.97119766462684,10.173898680219828,0,1,0.0,0,2.4849066497880004,0,0,2.0794415416798357,0,0.4629464177923212,9.649597295410638,11.088476294450215,0.0,8.321907968230423,3.8918202981106265,0.8008282478702532,2.529241829244131,0.0137931589638055,0.0137931589638055,0
notion_id,1,1,1,1,1,1,0,1,1,1,1,1,1,0,0,0,1,1,1,0,1,1,1,1,1,1,1,1,1,1,1,0,0,1,1,0,0,0,0,0,1,17.994362507865343,10.169079676137924,0,1,0.0,1,2.8903717578961645,0,0,2.4849066497880004,0,0.4554564878696736,9.62457597573894,11.088476294450215,0.0,8.370084326378025,3.8918202981106265,0.8581718781903529,2.932531320303113,0.0141888056651956,0.0141888056651956,0
mymusic_offlinemusicplayer_mp3player_playmusic,1,1,0,1,1,1,1,1,1,1,1,1,1,1,1,1,1,1,1,1,1,1,1,1,1,1,1,1,1,1,1,1,1,1,0,0,0,0,0,0,1,17.831829702802768,10.159765177970352,0,1,0.0,1,2.5649493574615367,0,0,2.1972245773362196,0,0.4489748149888515,9.59759794301241,11.088476294450215,0.0,8.234564993267135,3.044522437723423,0.8057852590909222,2.2634243298259547,0.016219828129406,0.016219828129406,0
org_ondc_nirmitbap,1,1,1,1,1,1,0,1,1,1,1,1,1,0,0,1,1,1,1,1,1,1,1,1,1,1,1,1,1,1,1,1,0,1,1,0,0,0,0,0,1,17.784362718588245,10.151313063597527,0,1,0.0,0,2.772588722239781,0,0,2.3978952727983707,0,0.4469408965545192,9.583594292722356,11.088476294450215,0.0,8.201111644442758,3.044522437723423,0.7808865057697495,3.0590467312780247,0.0149641723028044,0.0149641723028044,0
photo_cameraselfie_sweet_camera,0,1,1,1,1,1,1,1,1,0,1,1,0,1,1,1,1,1,1,1,1,1,0,1,0,1,1,1,0,1,0,1,1,1,0,0,0,0,0,0,1,18.305750742021974,10.22526526760871,0,1,0.0,0,1.9459101490553132,0,0,1.791759469228055,0,0.4995360757050536,9.796040728348885,11.090614254734977,0.0,8.509967146324497,4.110873864173311,0.7029281330093327,3.2228566527502474,0.0086890289667435,0.0086890289667435,0
org_videolan_vlc,0,0,0,0,0,0,0,0,0,1,0,0,0,0,0,0,0,0,0,0,1,0,0,1,0,0,0,1,0,0,0,0,0,0,0,0,0,0,1,0,1,17.897739859228924,10.164569933625309,0,1,0.0,1,2.8903717578961645,0,0,2.4849066497880004,0,0.4564112704818267,9.62268442397868,11.088476294450215,0.0,8.275376374836407,3.044522437723423,0.7814731983324968,2.734861864242811,0.01476102770761,0.01476102770761,0
money_super_payments,1,1,1,1,1,1,0,1,1,1,1,1,1,0,1,1,1,1,1,1,1,1,1,1,1,1,1,1,1,1,1,0,0,1,1,0,0,0,0,0,1,17.72286713251984,10.158886565774232,0,1,0.0,1,3.091042453358316,0,0,2.5649493574615367,0,0.4497247565957951,9.598784322541798,11.088476294450215,0.0,8.124446855715847,3.8918202981106265,0.8848330390431619,2.2920346129387306,0.0160063097096609,0.0160063097096609,0
org_thoughtcrime_securesms,1,0,0,0,0,0,0,1,0,1,1,0,0,0,0,0,0,0,1,0,1,0,1,1,0,0,1,0,0,0,0,0,0,1,1,1,0,0,0,0,1,18.577560160246737,10.22520418087803,0,1,0.0,0,2.70805020110221,0,0,2.302585092994046,0,0.5022512813421882,9.802838631599442,11.090614254734977,0.0,8.774931387494947,3.8918202981106265,0.7792553587583173,3.1021342574795687,0.0089793700167091,0.0089793700167091,0
me_ingala_galachat,1,0,1,0,0,0,0,1,0,1,1,0,1,0,1,1,0,0,1,1,1,0,1,1,1,0,1,0,1,0,1,0,0,1,0,0,0,0,0,0,1,16.282292866346143,9.741752337959108,0,1,0.0,0,3.49650756146648,0,0,2.9444389791664403,0,0.2835024065296174,8.641385189966709,11.071330462204312,0.0,7.641564441260972,3.8918202981106265,1.0723319698729734,2.6931642799532316,0.0276935856556679,0.0276935856556679,0
org_mozilla_firefox,1,1,1,1,1,1,0,1,1,1,1,1,0,0,1,0,1,1,1,0,1,1,1,1,0,1,1,1,0,1,1,0,0,1,0,0,0,0,0,0,1,18.67572732242185,10.23782168772185,0,1,0.0,0,2.1972245773362196,0,0,1.9459101490553132,0,0.5056054023383525,9.823831790596188,11.088476294450215,0.0,8.85209276347713,4.110873864173311,0.7148390180966948,2.9422828205276086,0.0076405559682429,0.0076405559682429,0
0005FAFA5FA61EA3FD6CAE8684ABE566B9F3513751AF5944066DA426CDCA02AE,0,0,0,0,0,0,0,0,0,0,0,0,0,0,0,0,0,0,0,0,0,0,0,0,0,0,0,1,0,0,0,0,0,0,0,1,0,0,1,0,1,16.609639612502257,10.107664470659184,0,1,0.0,0,2.0794415416798357,0,0,1.9459101490553132,0,0.4397408194643811,9.519636114619042,11.088476294450215,0.0,7.0909098220799835,4.110873864173311,0.8318176917867383,2.4038767829230903,0.0157713733798521,0.0157713733798521,1
000E609685B5DC5311F74F6C99E23811212AF904E95D18E23C39CDD4E55715DE,0,0,0,0,0,0,0,0,0,0,0,0,0,0,0,0,0,0,1,0,0,0,0,0,0,0,0,0,0,0,0,0,0,0,1,0,0,0,1,1,1,15.755006321622217,10.00146257755617,0,1,0.0,0,2.0794415416798357,0,0,1.9459101490553132,0,0.4043726397397736,9.312556298911804,11.088476294450215,0.0,6.444131256700441,4.110873864173311,0.8255634534968688,2.691141115255318,0.0258260658938325,0.0258260658938325,1
00038EC8855A2CC9170C0F0882181482C9977CC4D3AF93475E2CED20BAC87601,0,0,0,0,0,0,0,0,0,0,0,0,0,0,0,0,0,0,0,0,0,0,0,0,0,0,0,0,0,0,0,0,0,0,1,0,0,1,1,0,1,16.3908339188933,10.081672856430416,0,1,0.0,0,2.1972245773362196,0,0,2.0794415416798357,0,0.4301574131501812,9.467282558909243,11.088476294450215,0.0,6.92461239604856,3.8918202981106265,0.8000009106403068,1.969699380318614,0.0210415936523162,0.0210415936523162,1
00040F7E1034634D2B8B438E37E43E04D2523496FC668C592BB4F5C562E16073,1,0,0,0,0,0,0,1,0,0,1,0,1,0,1,0,0,0,1,0,1,0,1,0,1,0,0,1,1,0,1,0,0,1,0,0,0,0,0,0,1,18.47643207053141,10.250058481609914,0,1,0.0,0,2.0794415416798357,0,0,1.9459101490553132,0,0.4969605659950301,9.889763499226667,11.088476294450215,0.0,8.586905803827538,4.110873864173311,0.7335733034150063,2.0708927267279336,0.0021055775537665,0.0021055775537665,1
0004AD1FC2C5E5D358D40A69E215E621FFF591805EDEC110DAD79E1093CA7CC1,0,0,0,0,0,0,0,0,0,0,0,0,0,0,0,0,0,0,0,0,0,0,0,0,0,0,0,0,0,0,0,0,0,0,1,0,0,0,1,0,1,15.53283146193719,9.90399629403443,0,1,0.0,0,1.9459101490553132,0,0,1.791759469228055,0,0.3682171994615976,9.103223117022456,11.071330462204312,0.0,6.431331081933479,4.110873864173311,0.825687314881178,2.704398471251524,0.0464819571217657,0.0464819571217657,1
00043914D385019B70FA2D0E289EC3FDF8A07CCED326C03EA3CF3D71BBBB1206,0,0,0,0,0,0,0,0,0,0,0,0,0,0,0,0,0,0,0,0,0,0,0,0,0,0,0,0,0,0,0,0,0,0,0,0,0,0,1,1,1,17.10853350564837,10.19246653514904,0,1,0.0,0,1.9459101490553132,0,0,1.791759469228055,0,0.4836689387325817,9.722742297672552,11.088476294450215,0.0,7.3864708488298945,3.044522437723423,0.751366140386497,2.3868562797818105,0.0097836296289701,0.0097836296289701,1
000461DA0D6436E86A764335BECEC402D2B8EDAD0C04B5B4650F18DA926EBABD,1,1,0,1,1,1,1,1,1,0,1,1,1,1,1,0,1,1,1,0,1,1,1,1,1,1,0,1,1,1,1,0,1,1,0,0,0,0,0,0,1,17.17367673576594,10.199262147031352,0,1,0.0,0,1.9459101490553132,0,0,1.791759469228055,0,0.5020414530040246,9.777398127954989,11.088476294450215,0.0,7.396948602621014,4.110873864173311,0.7586724907948232,2.1718798813521736,0.0108705128071152,0.0108705128071152,1
000DDCEE5F9FA00F4652828CB2D4E4B08A3A422F4472D01F56886A40744BF4BD,0,0,0,0,0,0,0,0,0,0,0,0,0,0,0,0,0,0,0,0,0,0,0,0,0,0,0,0,0,0,0,0,0,0,0,0,0,0,1,1,1,17.496539376321653,10.192169567602134,0,1,0.0,0,1.9459101490553132,0,0,1.6094379124341005,0,0.4683479972522714,9.68220210324254,11.088476294450215,0.0,7.814803429489359,3.8918202981106265,0.7155165123109537,2.201559287855188,0.0116370012005758,0.0116370012005758,1
000DDCEE5F9FA00F4652828CB2D4E4B08A3A422F4472D01F56886A40744BF4BD,0,0,0,0,0,0,0,0,0,0,0,0,0,0,0,0,0,0,0,0,0,0,0,0,0,0,0,0,0,0,0,0,0,0,0,0,0,0,1,1,1,17.495528514730637,10.215872369805522,0,1,0.0,0,1.9459101490553132,0,0,1.791759469228055,0,0.5040563426961504,9.799371338171834,11.088476294450215,0.0,7.696667081526462,3.8918202981106265,0.7364451544816566,2.7242406880377033,0.0133792770421662,0.0133792770421662,1
000DDCEE5F9FA00F4652828CB2D4E4B08A3A422F4472D01F56886A40744BF4BD,0,0,0,0,0,0,0,0,0,0,0,0,0,0,0,0,0,0,0,0,0,0,0,0,0,0,0,0,0,0,0,0,0,0,1,0,0,0,1,1,1,17.496539376321653,10.192169567602134,0,1,0.0,0,1.9459101490553132,0,0,1.6094379124341005,0,0.4683479972522714,9.68220210324254,11.088476294450215,0.0,7.814803429489359,3.8918202981106265,0.7155165123109537,2.201559287855188,0.0116370012005758,0.0116370012005758,1
000DDCEE5F9FA00F4652828CB2D4E4B08A3A422F4472D01F56886A40744BF4BD,0,0,0,0,0,0,0,0,0,0,0,0,0,0,0,0,0,0,0,0,0,0,0,0,0,0,0,0,0,0,0,0,0,0,1,0,0,0,1,1,1,17.495528514730637,10.215872369805522,0,1,0.0,0,1.9459101490553132,0,0,1.791759469228055,0,0.5040563426961504,9.799371338171834,11.088476294450215,0.0,7.696667081526462,3.8918202981106265,0.7364451544816566,2.7242406880377033,0.0133792770421662,0.0133792770421662,1
000E7209DAFCBBDD351F4E2B433E7CFC2B5C03F56A2B9CE1CF0841EE27360257,0,0,0,0,0,0,0,0,0,0,0,0,0,0,0,0,0,0,0,0,0,0,0,0,0,0,0,0,0,0,0,0,0,0,0,0,0,1,1,1,1,17.577096901387886,10.219507033852286,0,1,0.0,0,1.9459101490553132,0,0,1.791759469228055,0,0.5017494619797761,9.796014042914056,11.088476294450215,0.0,7.78155595923534,4.110873864173311,0.7284247149642501,2.405743306671502,0.0071649399925976,0.0071649399925976,1
000E2DD97692D742C6F7C2989FF1349D0DBA2BAFABEBF1220DC252D0E36679A7,1,0,0,0,0,0,0,0,0,0,0,0,0,0,0,0,0,0,1,0,0,0,0,0,1,0,0,0,1,0,1,0,0,0,0,0,0,0,0,1,1,15.962236378985123,9.788669753529543,0,1,0.0,0,1.791759469228055,0,0,1.3862943611198906,0,0.2844501737426769,8.691395763294667,11.088476294450215,0.0,7.271703706887368,4.110873864173311,0.7234557202935307,2.063590697315248,0.0158567441237553,0.0158567441237553,1
000E2DD97692D742C6F7C2989FF1349D0DBA2BAFABEBF1220DC252D0E36679A7,1,0,0,0,0,0,0,0,0,0,0,0,0,0,0,0,0,0,1,0,0,0,0,0,1,0,0,0,1,0,1,0,0,0,0,0,0,0,0,1,1,15.95273645642978,10.03640187283244,0,1,0.0,0,2.4849066497880004,0,0,2.1972245773362196,0,0.4160897769326806,9.381937611491947,11.088476294450215,0.0,6.5722825426940075,3.8918202981106265,0.8612377199955898,2.334603287939879,0.0238321939636714,0.0238321939636714,1
000E2DD97692D742C6F7C2989FF1349D0DBA2BAFABEBF1220DC252D0E36679A7,1,0,0,0,0,0,0,0,0,0,0,0,0,0,0,0,0,0,1,0,0,0,0,0,1,0,0,0,1,0,1,0,0,0,0,0,0,0,0,1,1,15.962236378985123,9.788669753529543,0,1,0.0,0,1.791759469228055,0,0,1.3862943611198906,0,0.2844501737426769,8.691395763294667,11.088476294450215,0.0,7.271703706887368,4.110873864173311,0.7234557202935307,2.063590697315248,0.0158567441237553,0.0158567441237553,1
000E2DD97692D742C6F7C2989FF1349D0DBA2BAFABEBF1220DC252D0E36679A7,1,0,0,0,0,0,0,0,0,0,0,0,0,0,0,0,0,0,1,0,0,0,0,0,1,0,0,0,1,0,1,0,0,0,0,0,0,0,0,1,1,15.95273645642978,10.03640187283244,0,1,0.0,0,2.4849066497880004,0,0,2.1972245773362196,0,0.4160897769326806,9.381937611491947,11.088476294450215,0.0,6.5722825426940075,3.8918202981106265,0.8612377199955898,2.334603287939879,0.0238321939636714,0.0238321939636714,1
000D690021E538EBDB9C23EC8662C1CF59A874829FB1F59A9AF8A0F5B59FA815,0,0,0,0,0,0,0,0,0,0,0,0,0,0,0,0,0,0,0,0,0,0,0,0,0,0,0,0,0,0,0,0,0,0,0,0,0,0,0,0,1,15.654202912130415,9.944832192836088,0,1,0.0,0,1.9459101490553132,0,0,1.791759469228055,0,0.3842352122086763,9.19439991070877,11.088476294450215,0.0,6.461468176353717,4.110873864173311,0.8056490942944471,2.6259458862480827,0.0242594074959429,0.0242594074959429,1
00052B3AB096E61C3008AE77AA6C7DE22C28B08CFB61BCCDFC6128F373209139,1,1,0,1,0,1,0,0,1,0,0,0,0,0,0,0,1,1,1,0,0,1,1,1,0,1,0,0,0,1,0,0,0,0,1,1,0,0,1,1,1,17.811922394512862,9.984958014951747,0,1,0.0,0,2.9444389791664403,0,0,2.4849066497880004,0,0.3561139970734939,9.144005159208383,11.088476294450215,0.0,8.668196064952765,3.044522437723423,0.8659640249373919,2.295898991464027,0.0053896918631463,0.0053896918631463,1
00052B3AB096E61C3008AE77AA6C7DE22C28B08CFB61BCCDFC6128F373209139,1,1,0,1,0,1,0,0,1,0,0,0,0,0,0,0,1,1,1,0,0,1,1,1,0,1,0,0,0,1,0,0,0,0,1,1,0,0,1,1,1,17.795401909504317,10.212956878405215,0,1,0.0,0,2.6390573296152584,0,0,2.302585092994046,0,0.4994916969103047,9.791426313596,11.088476294450215,0.0,8.004365564979574,3.8918202981106265,0.8249376279302204,2.1256081436360814,0.0051595187306431,0.0051595187306431,1
00052B3AB096E61C3008AE77AA6C7DE22C28B08CFB61BCCDFC6128F373209139,1,1,0,1,0,1,0,0,1,0,0,0,0,0,0,0,1,1,1,0,0,1,1,1,0,1,0,0,0,1,0,0,0,0,1,1,0,0,1,1,1,17.811922394512862,9.984958014951747,0,1,0.0,0,2.9444389791664403,0,0,2.4849066497880004,0,0.3561139970734939,9.144005159208383,11.088476294450215,0.0,8.668196064952765,3.044522437723423,0.8659640249373919,2.295898991464027,0.0053896918631463,0.0053896918631463,1
00052B3AB096E61C3008AE77AA6C7DE22C28B08CFB61BCCDFC6128F373209139,1,1,0,1,0,1,0,0,1,0,0,0,0,0,0,0,1,1,1,0,0,1,1,1,0,1,0,0,0,1,0,0,0,0,1,1,0,0,1,1,1,17.795401909504317,10.212956878405215,0,1,0.0,0,2.6390573296152584,0,0,2.302585092994046,0,0.4994916969103047,9.791426313596,11.088476294450215,0.0,8.004365564979574,3.8918202981106265,0.8249376279302204,2.1256081436360814,0.0051595187306431,0.0051595187306431,1
000EE43BF6B49402AE1AAF6A6BD1A73FAB6C1D70DAD36AC9A0A622B93770F492,1,0,0,0,0,0,0,0,0,0,0,0,1,0,0,0,0,0,1,0,0,0,1,0,1,0,0,0,1,0,1,0,1,0,0,0,0,0,0,0,1,16.86737218828278,10.188019144393744,0,1,0.0,0,1.9459101490553132,0,0,1.791759469228055,0,0.4891163036972601,9.733337695700383,11.088476294450215,0.0,7.134890851565884,3.044522437723423,0.7557385886754365,1.938673740564803,0.0120836837082222,0.0120836837082222,1
0005082EE5323640027993C96117E03A8D2A6A5FE8A3CE4128E24E04174FBD9D,0,0,0,0,0,0,0,0,0,0,0,0,0,0,0,0,0,0,0,0,0,0,0,0,0,0,0,0,0,0,0,0,0,0,1,0,0,0,1,0,1,15.96742158735788,10.000092852039526,0,1,0.0,0,2.0794415416798357,0,0,1.9459101490553132,0,0.4033905558726363,9.30821823148869,11.088476294450215,0.0,6.660575149839686,4.110873864173311,0.8154852540133842,2.2793659036215574,0.0183366471705536,0.0183366471705536,1
000D485BE7A0A9768C0006D1B5DBFE494C08234A4D3041B3FAE5B167AB627D76,0,0,0,0,0,0,0,0,0,0,0,0,0,0,0,0,0,0,0,0,0,0,0,0,0,0,0,0,0,0,0,0,0,0,0,0,0,0,1,0,1,16.496647422492888,10.120669085613542,0,1,0.0,0,1.9459101490553132,0,0,1.791759469228055,0,0.4495736408438248,9.56037508701914,11.088476294450215,0.0,6.937314081223682,4.110873864173311,0.7711870164958842,2.0021304586934794,0.0122897629012524,0.0122897629012524,1
000F257D3E269DD0E241D2A910361CA8955702B3BA8ADEFEE30F78A6E8565E0B,1,0,0,0,0,0,0,0,0,0,0,0,1,0,0,0,0,0,1,0,0,0,1,0,1,0,0,0,1,0,1,0,0,0,0,0,0,0,1,0,1,16.699627852976665,10.14829732772888,0,1,0.0,0,2.3978952727983707,0,0,2.0794415416798357,0,0.4634832974491393,9.625577001458815,11.088476294450215,0.0,7.074963197966044,3.8918202981106265,0.8665429571087636,2.161811301830665,0.0129807228259867,0.0129807228259867,1
000371520366622D75A974E3DA635976A5F8D6569A5D2CAEB08BDAB46E842734,0,0,0,0,0,0,0,0,0,0,0,0,0,0,0,0,0,0,0,0,0,0,0,0,0,0,0,0,0,0,0,0,0,0,1,1,0,1,1,1,1,17.235452360160455,10.148974225281084,0,1,0.0,0,2.0794415416798357,0,0,1.9459101490553132,0,0.4465283636308435,9.58013077291895,11.088476294450215,0.0,7.655864017616056,3.8918202981106265,0.7495261220626176,2.5785761616313305,0.0145341264732367,0.0145341264732367,1
000371520366622D75A974E3DA635976A5F8D6569A5D2CAEB08BDAB46E842734,0,0,0,0,0,0,0,0,0,0,0,0,0,0,0,0,0,0,0,0,0,0,0,0,0,0,0,0,0,0,0,0,0,0,1,1,0,1,1,1,1,17.252204161361895,9.976741808504022,0,1,0.0,0,2.70805020110221,0,0,2.3978952727983707,0,0.3663660226519538,9.168979748625164,11.088476294450215,0.0,8.083637203141548,3.8918202981106265,0.8193632097608329,2.2863919766455933,0.0075482165623672,0.0075482165623672,1
000371520366622D75A974E3DA635976A5F8D6569A5D2CAEB08BDAB46E842734,0,0,0,0,0,0,0,0,0,0,0,0,0,0,0,0,0,0,0,0,0,0,0,0,0,0,0,0,0,0,0,0,0,0,1,1,0,0,1,1,1,17.235452360160455,10.148974225281084,0,1,0.0,0,2.0794415416798357,0,0,1.9459101490553132,0,0.4465283636308435,9.58013077291895,11.088476294450215,0.0,7.655864017616056,3.8918202981106265,0.7495261220626176,2.5785761616313305,0.0145341264732367,0.0145341264732367,1
000371520366622D75A974E3DA635976A5F8D6569A5D2CAEB08BDAB46E842734,0,0,0,0,0,0,0,0,0,0,0,0,0,0,0,0,0,0,0,0,0,0,0,0,0,0,0,0,0,0,0,0,0,0,1,1,0,0,1,1,1,17.252204161361895,9.976741808504022,0,1,0.0,0,2.70805020110221,0,0,2.3978952727983707,0,0.3663660226519538,9.168979748625164,11.088476294450215,0.0,8.083637203141548,3.8918202981106265,0.8193632097608329,2.2863919766455933,0.0075482165623672,0.0075482165623672,1
000D44B413E70C3C02D3BC6D8E8FA4B17CC82E800974EA705201CBB6932EA41C,0,0,0,0,0,0,0,0,0,0,0,0,0,0,0,0,0,0,0,0,0,0,0,0,0,0,0,0,0,0,0,0,0,0,0,0,0,0,1,0,1,17.402826307181193,10.204814175716054,0,1,0.0,0,1.9459101490553132,0,0,1.791759469228055,0,0.4957267197039676,9.766131530544016,11.088476294450215,0.0,7.637234388789473,3.044522437723423,0.7505484317017412,2.0290746577195127,0.0074902398779046,0.0074902398779046,1
000E3DD6B3F4044C09BDC1ACA170261A4F932618C561879282FC0A4027D5EC6F,1,1,0,1,1,1,0,1,1,1,1,1,1,0,1,0,1,1,1,0,1,1,1,1,1,1,0,1,1,1,1,0,0,1,1,0,0,0,0,0,1,18.170965971254255,10.245939110364471,0,1,0.0,1,2.5649493574615367,0,0,2.1972245773362196,0,0.4952757912471267,9.881477587798363,11.088476294450215,0.0,8.289790583181643,3.8918202981106265,0.7539100013764323,2.294878370259006,0.0071717546408333,0.0071717546408333,1
00051A313DB5B3A7CD9212CF20F731F3F2B36420EA663D7A9D9268B1B46A1BE1,0,0,0,0,0,0,0,0,0,0,0,0,0,0,0,0,0,0,0,0,0,0,0,0,0,0,0,0,0,0,0,0,0,0,1,0,0,0,1,0,1,17.270382536461398,10.219936344203964,0,1,0.0,0,2.0794415416798357,0,0,1.9459101490553132,0,0.4918689538882229,9.8122511254292,11.088476294450215,0.0,7.45876269238096,4.110873864173311,0.7508979446608901,2.013006271984789,0.0042671527343015,0.0042671527343015,1
000DA8DF57190725B074F7DE2B00A219C90BB09C1FDF5177CEF5CB9C1B5E95A7,1,0,0,0,0,0,0,0,0,0,0,0,0,0,0,0,0,0,1,0,0,0,1,0,0,0,0,0,0,0,0,0,0,0,0,0,0,0,0,0,1,17.447085105155733,10.220290931887543,0,1,0.0,0,2.0794415416798357,0,0,1.9459101490553132,0,0.5028360588674704,9.800309123248033,11.088476294450215,0.0,7.647308832356238,4.110873864173311,0.7453038055006826,2.39013377075959,0.0086836501996371,0.0086836501996371,1
000F8752D05F315689A96A59D22CAE508F00B24717A329B07AA1881E4E4EC6DA,0,0,0,0,0,0,0,0,0,0,0,0,0,0,0,0,0,0,0,0,0,0,0,0,0,0,0,0,0,0,0,0,0,0,1,0,0,0,1,0,1,15.38242377710896,9.82448737351939,0,1,0.0,0,1.9459101490553132,0,0,1.791759469228055,0,0.3553082095342148,8.982291745642506,11.088476294450215,0.0,6.401917196727186,4.110873864173311,0.8137083047464145,2.0503539577884866,0.0210576843839075,0.0210576843839075,1
000EF4DBFB190BAED04B24377C45A8B256199C98E7DAD0C76998BF4C06EA114A,1,0,0,0,0,0,0,0,0,0,0,0,0,0,0,0,0,0,1,0,0,0,0,0,0,0,0,0,0,0,0,0,0,0,0,0,0,0,0,0,1,15.899519776905086,10.021640163927316,0,1,0.0,0,1.9459101490553132,0,0,1.791759469228055,0,0.4152370438330293,9.364364110302796,11.088476294450215,0.0,6.536691597591305,4.110873864173311,0.7976659209715414,2.2713071897572976,0.0181767906340806,0.0181767906340806,1
00052B07359A510114592A57CCC471CE4B2EAEFBF964A15375D5F000882E09A1,0,0,0,0,0,0,0,0,0,0,0,0,0,0,0,0,0,0,0,0,0,0,0,0,0,0,0,0,0,0,0,0,0,0,0,0,0,0,1,0,1,15.964965100621992,10.013361172307311,0,1,0.0,0,1.9459101490553132,0,0,1.791759469228055,0,0.4045999954457557,9.325178305283568,11.088476294450215,0.0,6.641182169740591,4.110873864173311,0.7895766088898382,2.323863498320128,0.0266105053823536,0.0266105053823536,1
