app_name,srv_androidx.room.multiinstanceinvalidationservice,rcv_androidx.work.impl.background.systemalarm.constraintproxyupdatereceiver,perm_android.permission.access_adservices_topics,prv_com.google.firebase.provider.firebaseinitprovider,srv_androidx.work.impl.background.systemjob.systemjobservice,rcv_androidx.work.impl.background.systemalarm.constraintproxy$networkstateproxy,srv_com.google.android.datatransport.runtime.backends.transportbackenddiscovery,act_com.google.android.play.core.common.playcoredialogwrapperactivity,perm_com.google.android.finsky.permission.bind_get_install_referrer_service,rcv_androidx.work.impl.background.systemalarm.constraintproxy$batterychargingproxy,rcv_com.google.android.gms.measurement.appmeasurementreceiver,rcv_androidx.work.impl.background.systemalarm.constraintproxy$batterynotlowproxy,rcv_com.google.android.datatransport.runtime.scheduling.jobscheduling.alarmmanagerschedulerbroadcastreceiver,srv_androidx.work.impl.background.systemalarm.systemalarmservice,srv_com.google.firebase.components.componentdiscoveryservice,perm_com.google.android.gms.permission.ad_id,perm_android.permission.access_adservices_attribution,srv_com.google.android.datatransport.runtime.scheduling.jobscheduling.jobinfoschedulerservice,prv_com.google.android.gms.ads.mobileadsinitprovider,srv_com.google.android.gms.measurement.appmeasurementjobservice,perm_android.permission.foreground_service,srv_androidx.work.impl.foreground.systemforegroundservice,srv_com.google.android.gms.ads.adservice,rcv_androidx.work.impl.diagnostics.diagnosticsreceiver,rcv_androidx.profileinstaller.profileinstallreceiver,act_com.google.android.gms.ads.outofcontexttestingactivity,rcv_androidx.work.impl.utils.forcestoprunnable$broadcastreceiver,perm_android.permission.post_notifications,rcv_androidx.work.impl.background.systemalarm.constraintproxy$storagenotlowproxy,prv_androidx.startup.initializationprovider,perm_android.permission.access_adservices_ad_id,srv_com.google.android.gms.measurement.appmeasurementservice,rcv_androidx.work.impl.background.systemalarm.reschedulereceiver,access_location,write_file,used_requestnetwork,read_contacts,used_sendtextmessage,has_fatal_exception,activity_started,max_inter_arrival_time,unique_dest_ips,avg_inter_arrival_time,uncommon_ports_used,suspicious_user_agent,skew_packet_size,flow_entropy,std_packet_size,ip_only_traffic,high_dns_queries,total_bytes,dns_queries,many_unique_ips,min_packet_size,avg_packet_size,min_inter_arrival_time,total_packets,frequent_beaconing_detected,max_packet_size,avg_flow_duration,unique_flows,label
com_pm_ambanimatkad,0,0,0,1,0,0,1,1,1,0,1,0,1,0,1,1,1,1,0,1,1,0,0,0,1,0,0,1,0,1,1,1,0,0,1,0,0,0,0,0,3.0493469203936536,2.0794415416798357,0.0232437345997722,0,0,0.4682304534989902,0.7839229608880461,10.164140529549028,1,0,17.41993902721266,0.0,0,3.8918202981106265,9.654010090392836,0.0,7.766416898019656,1,11.088476294450215,0.0232437345997722,2.3978952727983707,0
com_policybazaar,1,1,0,1,1,1,1,1,1,1,1,1,1,1,1,1,1,1,0,1,1,1,0,1,1,0,1,1,1,1,1,1,1,1,1,0,0,0,0,0,2.9583346218113435,2.0794415416798357,0.0160083687720074,0,0,0.5059944618959787,0.7900284325151334,10.225394683709425,1,0,18.045620128932104,0.0,0,3.8918202981106265,9.81243738137364,0.0,8.233503140233994,1,11.090614254734977,0.0160083687720074,2.302585092994046,0
com_pixlr_express,1,1,1,1,1,1,1,1,1,1,1,1,1,1,1,1,1,1,1,1,1,1,1,1,1,1,1,1,1,1,1,1,1,1,1,0,0,0,0,0,3.044621614934107,2.1972245773362196,0.0144886275506197,0,0,0.5114158590824267,0.800711991202299,10.228767967677634,1,0,18.159415961832575,0.0,0,3.8918202981106265,9.829329338909607,0.0,8.330381569349418,0,11.088476294450215,0.0144886275506197,2.5649493574615367,0
com_playhome_plus,0,0,0,0,0,0,1,0,0,0,0,0,1,0,0,0,0,1,0,0,0,0,0,0,1,0,0,0,0,1,0,0,0,0,1,0,0,0,0,0,3.3280062440486247,1.9459101490553132,0.0044788684735055,0,0,0.5016700087095993,0.7041054190435979,10.256065203809907,1,0,19.1902893454887,0.0,0,3.044522437723423,9.906376686004602,0.0,9.284055409798464,0,11.088476294450215,0.0044788684735055,2.1972245773362196,0
com_randomchat_camtocam_onlinevideocall_livetalkvideocall,1,1,1,0,1,1,0,0,0,1,0,1,0,1,0,1,1,0,1,0,1,1,1,1,0,1,1,0,1,1,1,0,1,0,1,0,0,0,0,0,3.585487443139487,2.0794415416798357,0.0425169747809067,0,0,0.4231930852244682,0.7892227294013201,10.078429239073223,1,0,16.656473385294557,0.0,0,3.8918202981106265,9.44425800425685,0.0,7.213031659834869,0,11.088476294450215,0.0425169747809067,2.3978952727983707,0
com_pratilipi_mobile_android,1,1,1,1,1,1,1,1,1,1,1,1,1,1,1,1,1,1,1,1,1,1,1,1,1,1,1,1,1,1,1,1,1,1,1,0,0,0,0,0,3.5786867299824214,2.1972245773362196,0.0315526557993595,0,0,0.4746231417655713,0.869870505755959,10.177144429926644,1,0,17.189840213190124,0.0,0,3.8918202981106265,9.683860282988777,0.0,7.506591780070841,0,11.088476294450215,0.0315526557993595,2.5649493574615367,0
com_pratilipi_comics,1,1,0,1,1,1,1,1,1,1,1,1,1,1,1,1,0,1,0,1,1,1,0,1,1,0,1,1,1,1,0,1,1,1,1,0,0,0,0,0,3.2809383969288812,2.0794415416798357,0.0477229859027517,0,0,0.4323375502701206,0.9118362335438148,10.105102352634486,1,0,16.567509635791133,0.0,0,3.8918202981106265,9.496860554742218,0.0,7.071573364211532,1,11.088476294450215,0.0477229859027517,2.3978952727983707,0
com_photo_android_camera,1,1,1,0,1,1,0,1,0,1,0,1,0,1,0,1,1,0,1,0,1,1,1,1,1,1,1,0,1,1,1,0,1,0,1,0,0,0,0,0,3.8006650774031714,1.9459101490553132,0.0125972868264884,0,0,0.2958738547956573,0.8177013544595134,9.772302998671831,1,0,17.12100335872288,0.0,0,4.110873864173311,8.717366549150235,0.0,8.4040244933106,0,11.088476294450215,0.0125972868264884,2.0794415416798357,0
com_probadosoft_moonphasecalendar,1,1,1,1,1,1,1,0,1,1,1,1,1,1,1,1,1,1,1,1,1,1,1,1,1,1,1,1,1,1,1,1,1,1,1,0,0,0,0,0,2.9335599667335113,2.0794415416798357,0.041044229389463,0,0,0.4562357040616427,0.8845019445253146,10.141559460180789,1,0,16.841342264291814,0.0,0,3.044522437723423,9.599327633104542,0.0,7.242797922793756,0,11.088476294450215,0.041044229389463,2.3978952727983707,0
com_railyatri_in_mobile,1,1,1,1,1,1,1,1,1,1,1,1,1,1,1,1,1,1,1,1,1,1,1,1,1,1,1,1,1,1,1,1,1,1,1,0,0,0,0,0,3.36967416805976,2.0794415416798357,0.0242625018024383,0,0,0.4913913591085644,0.7994915698094363,10.210219698506682,1,0,17.51302844316311,0.0,0,3.044522437723423,9.76032130727228,0.0,7.753194269884341,0,11.088476294450215,0.0242625018024383,2.3978952727983707,0
com_pocketfm_toons,1,1,1,1,1,1,1,1,1,1,1,1,1,1,1,1,1,1,1,1,1,1,1,1,1,1,1,1,1,1,1,1,1,1,1,0,0,0,0,0,3.1143327613280323,1.9459101490553132,0.0088656439570009,0,0,0.5164957488856864,0.7410087129529365,10.242447254816271,1,0,18.28409647890851,0.0,0,3.8918202981106265,9.859509506974993,0.0,8.424858580213442,0,11.088476294450215,0.0088656439570009,2.1972245773362196,0
com_rapido_passenger,1,1,0,1,1,1,1,1,1,1,1,1,1,1,1,1,1,1,1,1,1,1,1,1,1,1,1,1,1,1,1,1,1,0,1,0,0,0,0,0,2.9906483761349634,2.0794415416798357,0.0317619273479319,0,0,0.4688206530561913,0.8076542561800507,10.170962979652913,1,0,17.213488195141064,0.0,0,3.044522437723423,9.662364930283015,0.0,7.55171221535131,1,11.088476294450215,0.0317619273479319,2.3978952727983707,0
com_pocketfm_tv,1,1,1,1,1,1,1,1,1,1,1,1,1,1,1,1,1,1,1,1,1,1,1,1,1,1,1,1,1,1,1,1,1,1,1,0,0,0,0,0,2.955435707410901,2.1972245773362196,0.0085123558450876,0,0,0.4953281149371297,0.7355329489378983,10.25158023729854,1,0,18.70263549406023,0.0,0,3.044522437723423,9.887316301983272,0.0,8.815518423966498,1,11.088476294450215,0.0085123558450876,2.5649493574615367,0
com_qidian_Int_reader,1,1,1,1,1,1,1,1,1,1,1,1,1,1,1,1,1,1,1,1,1,1,1,1,1,1,1,1,1,1,1,1,1,0,1,0,0,0,0,0,3.6953657691145954,2.0794415416798357,0.0118973760932327,0,0,0.521482346239004,0.7221331479277233,10.244557347830948,1,0,18.37271966000093,0.0,0,3.8918202981106265,9.877414474817218,0.0,8.495560891289124,0,11.088476294450215,0.0118973760932327,2.302585092994046,0
com_rails_red,1,1,0,1,1,1,1,1,1,1,1,1,1,1,1,1,1,1,1,1,1,1,1,1,1,0,1,1,1,1,1,1,1,1,1,0,0,0,0,0,3.877276743442187,1.9459101490553132,0.0144438095236182,0,0,0.4953027254563492,0.7706117457666483,10.207903536675497,1,0,18.104344651553397,0.0,0,4.110873864173311,9.768011412973678,0.0,8.336630087637147,0,11.088476294450215,0.0144438095236182,2.1972245773362196,0
com_poncho_eatclub,1,1,0,1,1,1,1,1,1,1,1,1,1,1,1,1,1,1,0,1,1,1,0,1,1,0,1,1,1,1,1,1,1,1,1,0,1,0,0,0,2.6062222590312594,2.1972245773362196,0.0173955567503044,0,0,0.515931771897035,0.8225565674442747,10.251622384810794,1,0,18.010491876439602,0.0,0,3.8918202981106265,9.887874626084113,0.0,8.12296471523406,1,11.088476294450215,0.0173955567503044,2.4849066497880004,0
com_radio_fmradio,1,1,1,1,1,1,1,1,1,1,1,1,1,1,1,1,1,1,1,1,1,1,1,1,1,1,1,1,1,1,1,1,1,1,1,0,0,0,0,1,2.9616138977826227,2.1972245773362196,0.0183372336884786,0,0,0.5203253135281448,0.7810144956548799,10.234689184672598,1,0,17.91476043609476,0.0,0,3.8918202981106265,9.858068969193315,0.0,8.057060681965766,1,11.088476294450215,0.0183372336884786,2.4849066497880004,0
com_plexapp_android,1,1,0,1,1,1,1,0,1,1,0,1,1,1,1,1,0,1,0,0,1,1,0,1,1,0,1,1,1,1,0,0,1,1,1,0,0,0,0,0,3.160911744508952,2.0794415416798357,0.0195241955382376,0,0,0.4926764078908568,0.8325349585902464,10.210881050688934,1,0,17.768244031693857,0.0,0,3.8918202981106265,9.764269974997946,0.0,8.004365564979574,0,11.088476294450215,0.0195241955382376,2.302585092994046,0
com_raincan_android_hybrid,1,1,0,1,1,1,1,0,1,1,1,1,1,1,1,0,0,1,0,1,1,1,0,1,1,0,1,1,1,1,0,1,1,1,1,0,0,0,0,1,3.0523705115343747,2.1972245773362196,0.0296795965363077,0,0,0.4660626514459512,0.8679649161240561,10.165302503600474,1,0,17.204706509706998,0.0,0,3.8918202981106265,9.649388998752052,0.0,7.555905093611346,0,11.088476294450215,0.0296795965363077,2.4849066497880004,0
com_pixverseai_pixverse,0,0,0,1,0,0,1,1,1,0,1,0,1,0,1,1,1,1,0,1,0,0,0,0,1,0,0,1,0,1,1,1,0,1,1,0,0,0,0,0,3.659177128370719,1.9459101490553132,0.0193481806992746,0,0,0.5193211756517037,0.7591495415562034,10.240978676753253,1,0,17.834975886584427,0.0,0,3.8918202981106265,9.861183654610604,0.0,7.974188669286011,0,11.088476294450215,0.0193481806992746,2.1972245773362196,0
com_recz_android,1,1,0,1,1,1,1,1,1,1,1,1,1,1,1,1,1,1,0,1,1,1,0,1,1,0,1,1,1,1,1,1,1,1,1,0,0,0,0,0,3.254212658708946,2.0794415416798357,0.0243024044273596,0,0,0.4791808201846748,0.8204298583409136,10.177985103387428,1,0,17.21898833754155,0.0,0,3.8918202981106265,9.69664956395339,0.0,7.52294091807237,0,11.088476294450215,0.0243024044273596,2.302585092994046,0
com_rcub_rclub,0,0,0,1,0,0,1,1,1,0,1,0,1,0,1,1,1,1,0,1,0,0,0,0,1,0,0,1,0,1,1,1,0,0,1,0,0,0,0,0,3.3546706092975924,1.9459101490553132,0.0175659104841098,0,0,0.5204513224269611,0.7281969093260414,10.239399033234417,1,0,17.965369420248702,0.0,0,3.8918202981106265,9.862229759589956,0.0,8.10349427838097,1,11.088476294450215,0.0175659104841098,2.1972245773362196,0
com_radio_pocketfm,1,1,1,1,1,1,1,1,1,1,1,1,1,1,1,1,1,1,1,1,1,1,1,1,1,1,1,1,1,1,1,1,1,1,1,0,0,0,0,0,2.829859304902197,2.1972245773362196,0.0072124822367472,0,0,0.5108875678248448,0.7530322623263722,10.264152212228218,1,0,18.9179664655558,0.0,0,3.8918202981106265,9.935328228507876,0.0,8.98281222234415,0,11.088476294450215,0.0072124822367472,2.5649493574615367,0
com_rajasthanroyals_app,0,0,0,1,0,0,1,0,1,0,1,0,1,0,1,1,0,1,0,1,0,0,0,0,1,0,0,1,0,1,0,1,0,1,1,0,0,0,0,0,3.086981536629714,2.1972245773362196,0.0405833666048408,0,0,0.408632927768651,0.9071320912473704,10.0526011044372,1,0,16.628789706069533,0.0,0,3.8918202981106265,9.376111955571284,0.0,7.253470382684528,0,11.088476294450215,0.0405833666048408,2.4849066497880004,0
00128CF93FF0259BC89FF983C00E538061BCD1ADEB304E71CA7C7E019D81FC0D,1,1,0,1,1,1,0,0,1,1,1,1,0,1,1,0,0,0,1,1,1,1,0,0,0,0,1,0,1,0,0,1,1,0,1,0,0,0,0,0,2.120105900485219,1.791759469228055,0.0148240984861004,0,0,0.4532849673550928,0.7729727297067188,10.157127316307765,1,0,17.184855941352936,0.0,0,3.8918202981106265,9.606777708027144,0.0,7.578656850594762,0,11.088476294450215,0.0148240984861004,2.0794415416798357,1
0010CA64CA1061B2118072D529B29B5D2F1AE1588DA6A4475B3171D7E1DC53D1,0,0,0,1,0,0,0,0,1,0,1,0,0,0,1,0,0,0,0,1,0,0,0,0,0,0,0,0,0,0,0,1,0,0,1,0,0,0,0,0,2.4547250557190643,1.9459101490553132,0.0227101776923942,0,0,0.3974916862692529,0.8082088836233784,10.034464583910326,1,0,16.38943970691266,0.0,0,3.8918202981106265,9.32476979435114,0.0,7.065613363597717,0,11.088476294450215,0.0227101776923942,2.1972245773362196,1
0012DF333367D76AFCE6E9A9F21002A4A1F1DCD1ED75BAFF1C1F7DB3CA1D579B,0,0,0,1,0,0,0,0,0,0,0,0,0,0,0,0,0,0,0,0,0,0,0,0,0,0,0,0,0,0,0,1,0,1,1,0,0,0,0,0,2.0991852159071978,1.6094379124341005,0.0153199760238976,0,0,0.3860749738542432,0.7509163175728335,10.01629456531788,1,0,16.494993780804883,0.0,0,3.044522437723423,9.27179207690212,0.0,7.22402480828583,0,11.088476294450215,0.0153199760238976,1.6094379124341005,1
0012A8B25CBE4F7D6FCB939E219C5520FFA0020C6081B7E881AC462EE3870CC3,0,0,0,0,0,0,0,0,0,0,0,0,0,0,0,0,0,0,0,0,0,0,0,0,0,0,0,0,0,0,0,0,0,0,1,1,0,0,0,1,2.403840112392656,1.791759469228055,0.0307535083119521,0,0,0.2967008115602783,0.8372088428342831,9.711795883590742,1,0,15.508157728485871,0.0,0,3.8918202981106265,8.66351485612913,0.0,6.84587987526405,0,11.071330462204312,0.0307535083119521,2.0794415416798357,1
001201402F873F4971ECB75B1987DC3FAB3007C22D43AC433AF0D8EE20A3C4E9,0,0,0,1,0,0,0,0,1,0,1,0,0,0,1,1,0,0,0,1,0,0,0,0,0,0,0,1,0,0,0,1,0,0,1,0,0,0,0,0,2.5341325065635796,1.791759469228055,0.0060415465853154,0,0,0.5263578854460165,0.723126568065083,10.254604821233675,1,0,18.377940765442855,0.0,0,3.8918202981106265,9.89621787489786,0.0,8.481980435660493,0,11.088476294450215,0.0060415465853154,2.0794415416798357,1
0014ACC8F710F1211F7C0E235B8C324D1D26281A552CAACC9051895768C74693,0,0,0,1,0,0,0,0,0,0,0,0,0,0,0,0,0,0,0,0,0,0,0,0,0,0,0,0,0,0,0,0,0,0,1,1,0,0,0,1,1.781581175489687,1.791759469228055,0.0068099107220743,0,0,0.4680865231602163,0.7857420624727027,10.18227751401854,1,0,17.374611454465377,0.0,0,3.8918202981106265,9.671666790194584,0.0,7.703459047867175,0,11.088476294450215,0.0068099107220743,1.791759469228055,1
00105A837C446B9DDDD8B89ED85BB786A8AC952094886022A679ECBDE3849DF2,0,0,0,0,0,0,0,0,0,0,0,0,0,0,0,0,0,0,0,0,0,0,0,0,0,0,0,0,0,0,0,0,0,0,1,0,0,0,0,0,2.2358368721354607,1.9459101490553132,0.0160299964971872,0,0,0.4540285456751313,0.7846349489835908,10.155947922316647,1,0,17.198417178883837,0.0,0,3.8918202981106265,9.607632237287898,0.0,7.591357046698551,0,11.088476294450215,0.0160299964971872,2.302585092994046,1
000FC18BBFC78B0858A9C96A6FFCC4EAEAC7F2716D159788DB0F94CBF1E4FB4E,0,0,0,0,0,0,0,0,0,0,0,0,0,0,0,0,0,0,0,0,0,0,0,0,0,0,0,0,0,0,0,0,0,0,1,0,0,0,0,0,1.8141632978700453,1.9459101490553132,0.0219511690206062,0,0,0.3739867238202699,0.795425341318192,10.027950188271022,1,0,16.478062849474625,0.0,0,3.8918202981106265,9.245426200442896,0.0,7.233455418621439,0,11.088476294450215,0.0219511690206062,2.302585092994046,1
00104DF0BDA5BEE7E5CFDDD5EC581150EFC4F495EA0971ED07AA5DDF877D6D66,0,0,0,1,0,0,0,0,1,0,1,0,0,0,1,0,0,0,0,1,0,0,0,0,0,0,0,0,0,0,0,1,0,0,1,0,0,0,0,0,1.901266273873217,2.3978952727983707,0.0159062497445326,0,0,0.4163142389982321,0.8536370404752713,10.08979475995686,1,0,16.97296551409558,0.0,0,3.8918202981106265,9.43561526783579,0.0,7.537962659768208,0,11.088476294450215,0.0159062497445326,2.8903717578961645,1
00111F5CF230E2DD9BD66989E8EBDE87D881CB9A88C2C06DA94AEA4C3CD2FA12,0,0,0,1,0,0,0,0,1,0,1,0,0,0,1,0,0,0,1,1,0,0,0,0,0,0,0,0,0,0,0,1,0,0,1,0,0,0,0,0,1.805725130279821,2.0794415416798357,0.0172804247227158,0,0,0.3001807725883313,0.8206882733941777,9.75730269854101,1,0,15.8305688997769,0.0,0,3.8918202981106265,8.72166965884994,0.0,7.1098794630722715,0,11.088109327580147,0.0172804247227158,2.4849066497880004,1
001036DBBFAFE319473EB07C4FA1AE30FDBAACE28D58923FFB822DC75A817741,0,0,0,0,0,0,0,0,0,0,0,0,0,0,0,0,0,0,1,0,0,0,0,0,0,0,0,0,0,0,0,0,0,0,1,0,0,0,0,0,2.4430368843968107,2.0794415416798357,0.0112018514867382,0,0,0.4557375331941771,0.8061075736417821,10.16425343005806,1,0,17.52222160502454,0.0,0,3.8918202981106265,9.62054041589803,0.0,7.902117546276448,0,11.088476294450215,0.0112018514867382,2.4849066497880004,1
000DDCEE5F9FA00F4652828CB2D4E4B08A3A422F4472D01F56886A40744BF4BD,0,0,0,0,0,0,0,0,0,0,0,0,0,0,0,0,0,0,0,0,0,0,0,0,0,0,0,0,0,0,0,0,0,0,1,1,0,0,0,1,2.201559287855188,1.6094379124341005,0.0116370012005758,0,0,0.4683479972522714,0.7155165123109537,10.192169567602134,1,0,17.496539376321653,0.0,0,3.8918202981106265,9.68220210324254,0.0,7.814803429489359,0,11.088476294450215,0.0116370012005758,1.9459101490553132,1
000DDCEE5F9FA00F4652828CB2D4E4B08A3A422F4472D01F56886A40744BF4BD,0,0,0,0,0,0,0,0,0,0,0,0,0,0,0,0,0,0,0,0,0,0,0,0,0,0,0,0,0,0,0,0,0,0,1,1,0,0,0,1,2.7242406880377033,1.791759469228055,0.0133792770421662,0,0,0.5040563426961504,0.7364451544816566,10.215872369805522,1,0,17.495528514730637,0.0,0,3.8918202981106265,9.799371338171834,0.0,7.696667081526462,0,11.088476294450215,0.0133792770421662,1.9459101490553132,1
000DDCEE5F9FA00F4652828CB2D4E4B08A3A422F4472D01F56886A40744BF4BD,0,0,0,0,0,0,0,0,0,0,0,0,0,0,0,0,0,0,0,0,0,0,0,0,0,0,0,0,0,0,0,0,0,1,1,1,0,0,0,1,2.201559287855188,1.6094379124341005,0.0116370012005758,0,0,0.4683479972522714,0.7155165123109537,10.192169567602134,1,0,17.496539376321653,0.0,0,3.8918202981106265,9.68220210324254,0.0,7.814803429489359,0,11.088476294450215,0.0116370012005758,1.9459101490553132,1
000DDCEE5F9FA00F4652828CB2D4E4B08A3A422F4472D01F56886A40744BF4BD,0,0,0,0,0,0,0,0,0,0,0,0,0,0,0,0,0,0,0,0,0,0,0,0,0,0,0,0,0,0,0,0,0,1,1,1,0,0,0,1,2.7242406880377033,1.791759469228055,0.0133792770421662,0,0,0.5040563426961504,0.7364451544816566,10.215872369805522,1,0,17.495528514730637,0.0,0,3.8918202981106265,9.799371338171834,0.0,7.696667081526462,0,11.088476294450215,0.0133792770421662,1.9459101490553132,1
0014BA372F61C9C0EA6FB4F36E21E8A3C0B8377F0FC1C406684BB7BA9AC4EC50,0,0,0,1,0,0,0,0,0,0,1,0,0,0,0,0,0,0,0,1,1,0,0,0,0,0,0,0,0,0,0,1,0,0,1,1,0,0,0,0,1.5309060142006037,2.1972245773362196,0.009239900608495,0,0,0.4282583368308578,0.8705348040057965,10.116789578123148,1,0,17.141248346752516,0.0,0,3.8918202981106265,9.496882637603273,0.0,7.644919344958857,0,11.088476294450215,0.009239900608495,2.5649493574615367,1
000E2DD97692D742C6F7C2989FF1349D0DBA2BAFABEBF1220DC252D0E36679A7,0,0,0,1,0,0,0,0,1,0,1,0,0,0,0,0,0,0,0,0,0,0,0,0,0,0,0,0,0,0,0,1,0,0,1,1,0,0,0,0,2.063590697315248,1.3862943611198906,0.0158567441237553,0,0,0.2844501737426769,0.7234557202935307,9.788669753529543,1,0,15.962236378985123,0.0,0,4.110873864173311,8.691395763294667,0.0,7.271703706887368,0,11.088476294450215,0.0158567441237553,1.791759469228055,1
000E2DD97692D742C6F7C2989FF1349D0DBA2BAFABEBF1220DC252D0E36679A7,0,0,0,1,0,0,0,0,1,0,1,0,0,0,0,0,0,0,0,0,0,0,0,0,0,0,0,0,0,0,0,1,0,0,1,1,0,0,0,0,2.334603287939879,2.1972245773362196,0.0238321939636714,0,0,0.4160897769326806,0.8612377199955898,10.03640187283244,1,0,15.95273645642978,0.0,0,3.8918202981106265,9.381937611491947,0.0,6.5722825426940075,0,11.088476294450215,0.0238321939636714,2.4849066497880004,1
000E2DD97692D742C6F7C2989FF1349D0DBA2BAFABEBF1220DC252D0E36679A7,0,0,0,1,0,0,0,0,1,0,1,0,0,0,0,0,0,0,0,0,0,0,0,0,0,0,0,0,0,0,0,1,0,0,1,1,0,0,0,0,2.063590697315248,1.3862943611198906,0.0158567441237553,0,0,0.2844501737426769,0.7234557202935307,9.788669753529543,1,0,15.962236378985123,0.0,0,4.110873864173311,8.691395763294667,0.0,7.271703706887368,0,11.088476294450215,0.0158567441237553,1.791759469228055,1
000E2DD97692D742C6F7C2989FF1349D0DBA2BAFABEBF1220DC252D0E36679A7,0,0,0,1,0,0,0,0,1,0,1,0,0,0,0,0,0,0,0,0,0,0,0,0,0,0,0,0,0,0,0,1,0,0,1,1,0,0,0,0,2.334603287939879,2.1972245773362196,0.0238321939636714,0,0,0.4160897769326806,0.8612377199955898,10.03640187283244,1,0,15.95273645642978,0.0,0,3.8918202981106265,9.381937611491947,0.0,6.5722825426940075,0,11.088476294450215,0.0238321939636714,2.4849066497880004,1
00052B3AB096E61C3008AE77AA6C7DE22C28B08CFB61BCCDFC6128F373209139,0,1,0,1,1,1,0,0,0,1,0,1,0,1,1,0,0,0,0,0,1,0,0,0,0,0,1,0,1,0,0,0,1,1,1,1,1,0,0,1,2.295898991464027,2.4849066497880004,0.0053896918631463,0,0,0.3561139970734939,0.8659640249373919,9.984958014951747,1,0,17.811922394512862,0.0,0,3.044522437723423,9.144005159208383,0.0,8.668196064952765,0,11.088476294450215,0.0053896918631463,2.9444389791664403,1
00052B3AB096E61C3008AE77AA6C7DE22C28B08CFB61BCCDFC6128F373209139,0,1,0,1,1,1,0,0,0,1,0,1,0,1,1,0,0,0,0,0,1,0,0,0,0,0,1,0,1,0,0,0,1,1,1,1,1,0,0,1,2.1256081436360814,2.302585092994046,0.0051595187306431,0,0,0.4994916969103047,0.8249376279302204,10.212956878405215,1,0,17.795401909504317,0.0,0,3.8918202981106265,9.791426313596,0.0,8.004365564979574,0,11.088476294450215,0.0051595187306431,2.6390573296152584,1
00052B3AB096E61C3008AE77AA6C7DE22C28B08CFB61BCCDFC6128F373209139,0,1,0,1,1,1,0,0,0,1,0,1,0,1,1,0,0,0,0,0,1,0,0,0,0,0,1,0,1,0,0,0,1,1,1,1,1,0,0,1,2.295898991464027,2.4849066497880004,0.0053896918631463,0,0,0.3561139970734939,0.8659640249373919,9.984958014951747,1,0,17.811922394512862,0.0,0,3.044522437723423,9.144005159208383,0.0,8.668196064952765,0,11.088476294450215,0.0053896918631463,2.9444389791664403,1
00052B3AB096E61C3008AE77AA6C7DE22C28B08CFB61BCCDFC6128F373209139,0,1,0,1,1,1,0,0,0,1,0,1,0,1,1,0,0,0,0,0,1,0,0,0,0,0,1,0,1,0,0,0,1,1,1,1,1,0,0,1,2.1256081436360814,2.302585092994046,0.0051595187306431,0,0,0.4994916969103047,0.8249376279302204,10.212956878405215,1,0,17.795401909504317,0.0,0,3.8918202981106265,9.791426313596,0.0,8.004365564979574,0,11.088476294450215,0.0051595187306431,2.6390573296152584,1
0012C310FCCC199DF391066625EA56C67B08D96A980D50CFC0BDD292DED7077F,0,0,0,0,0,0,0,0,0,0,0,0,0,0,0,0,0,0,0,0,0,0,0,0,0,0,0,0,0,0,0,0,0,1,1,1,1,0,0,1,2.587814564348893,2.0794415416798357,0.0108191995766885,0,0,0.4863166863360963,0.7573072087086851,10.201252481823865,1,0,17.57504503143173,0.0,0,3.8918202981106265,9.738339205016963,0.0,7.837159650001675,0,11.088476294450215,0.0108191995766885,2.3978952727983707,1
00110993E74DD0A8866FAD0CB32C967068B20523E2DA290B1D1094E577F0D6D3,0,0,0,0,0,0,0,0,0,0,1,0,0,0,0,0,0,0,0,0,0,0,0,0,0,0,0,0,0,0,0,1,0,1,1,0,0,0,0,1,1.98743562053005,2.302585092994046,0.0166938802605622,0,0,0.3526108479709868,0.9495028059949848,9.937822410735714,1,0,16.51237193025791,0.0,0,3.8918202981106265,9.086531392134304,0.0,7.426549072397305,0,11.088476294450215,0.0166938802605622,2.772588722239781,1
00125D0055C95E7D35B1EB81F6AE76BD00698DDE259F297E6D16D45536013CEC,1,1,0,1,1,1,1,0,1,1,1,1,1,1,1,0,0,1,0,1,1,1,0,1,1,0,1,1,1,1,0,1,1,1,1,0,0,0,0,0,1.9892999172807289,2.0794415416798357,0.0068536825553401,0,0,0.4939717076883057,0.7692574122529003,10.216501827334437,1,0,17.863825562035323,0.0,0,3.8918202981106265,9.773173789409896,0.0,8.09101504171053,0,11.088476294450215,0.0068536825553401,2.4849066497880004,1
0012A6F19CCAC2B8DE3AA248B743ABBABAD43E7D09F000FB232155D1BE901C8E,0,0,0,1,0,0,0,0,0,0,0,0,0,0,0,0,0,0,0,0,0,0,0,0,0,0,0,0,0,0,0,1,0,1,1,0,0,0,0,0,1.9179208001683077,1.791759469228055,0.0105832607108819,0,0,0.4716741624706994,0.7526593875780179,10.19707825616984,1,0,17.358314411694334,0.0,0,4.110873864173311,9.695908104229826,0.0,7.662937850461535,0,11.088476294450215,0.0105832607108819,2.0794415416798357,1
000FB255117B289D61075E4F31C3D203D1873B23C79A51B6E946FC2A49821C7A,0,0,0,0,0,0,0,0,0,0,0,0,0,0,0,0,0,0,0,0,0,0,0,0,0,0,0,0,0,0,0,0,0,0,1,0,0,0,0,0,2.242040406752018,2.1972245773362196,0.0181537069400445,0,0,0.4336162411811105,0.8294252448036035,10.120461192989028,1,0,16.913838949747962,0.0,0,3.8918202981106265,9.515738497364175,0.0,7.3987862754199485,0,11.088476294450215,0.0181537069400445,2.4849066497880004,1
0010D6BC37AE06EAB93EB825C6189FFDB1EEE0B8D2CA129F948B28299C473837,1,1,0,0,1,1,0,0,0,1,0,1,0,1,0,0,0,0,1,0,0,0,1,0,0,0,1,0,1,0,0,0,1,0,1,0,0,0,0,0,2.1349323942287755,2.0794415416798357,0.0136094389365235,0,0,0.4313710459100109,0.8218901644227311,10.123421110656146,1,0,17.134915574416684,0.0,0,3.044522437723423,9.512325524556282,0.0,7.623153068476902,0,11.088476294450215,0.0136094389365235,2.3978952727983707,1
tuat_kr_sullivan,1,1,0,1,1,1,1,1,1,1,1,1,1,1,1,1,1,1,0,1,1,1,0,1,1,0,1,1,1,1,1,1,1,0,1,0,0,0,0,0,2.7811870816983673,2.0794415416798357,0.0087560429222685,0,0,0.4925113213740563,0.7109425972091622,10.222108059665128,1,0,18.531803444291302,0.0,0,3.8918202981106265,9.775020476328992,0.0,8.756997183623554,1,11.088476294450215,0.0087560429222685,2.3978952727983707,0
to_blend_mobile_app,1,1,0,1,1,1,1,1,1,1,1,1,1,1,1,1,1,1,0,1,1,1,0,1,1,0,1,1,1,1,1,1,1,1,1,0,0,0,0,0,3.1404270691280396,2.1972245773362196,0.0078447020371479,0,0,0.5161093524950982,0.7279132178911533,10.24539951034341,1,0,18.725595460296677,0.0,0,3.8918202981106265,9.857516093018576,0.0,8.86827250899781,0,11.088476294450215,0.0078447020371479,2.4849066497880004,0
uplayer_video_player,1,1,1,1,1,1,1,0,1,1,1,1,1,1,1,1,1,1,1,1,1,1,1,1,1,1,1,1,1,1,1,1,1,0,1,0,0,0,0,0,3.010927140076216,2.1972245773362196,0.0185114379128868,0,0,0.4406119008533511,0.7663944315708638,10.1429547152481,1,0,17.635417090273386,0.0,0,3.8918202981106265,9.55773016009042,0.0,8.078067881815437,0,11.088476294450215,0.0185114379128868,2.4849066497880004,0
us_zoom_videomeetings4intune,1,1,0,1,1,1,1,0,0,1,0,1,1,1,1,0,0,1,0,0,1,1,0,1,1,0,1,1,1,1,0,0,1,1,1,0,0,0,0,0,2.9601296638406582,2.0794415416798357,0.0045189034899679,0,0,0.5152322735714367,0.711634703375468,10.26847110173724,1,0,19.34340376820711,0.0,0,3.044522437723423,9.942656416137655,0.0,9.400878083541478,0,11.089820688682371,0.0045189034899679,2.3978952727983707,0
wp_wattpad,1,1,1,1,1,1,1,1,1,1,1,1,1,1,1,1,1,1,0,1,1,1,0,1,1,0,1,1,1,1,1,1,1,1,1,0,0,0,0,0,2.923169804844496,2.0794415416798357,0.0100235501863967,0,0,0.3582980856842387,0.7693456963910627,9.987684803066818,1,0,17.865752994970126,0.0,0,3.8918202981106265,9.153921519016317,0.0,8.712101863715663,1,11.088476294450215,0.0100235501863967,2.302585092994046,0
zynoff_mobile,0,0,0,1,0,0,1,0,1,0,1,0,1,0,1,1,1,1,0,1,1,0,0,0,1,0,0,1,0,1,1,1,0,0,1,0,0,0,0,1,3.532938074949982,2.0794415416798357,0.0138402834394646,0,0,0.4112046697383215,0.7348986460698375,10.090743424321262,1,0,17.698657617351504,0.0,0,3.8918202981106265,9.421580785551988,0.0,8.277411998949004,0,11.088476294450215,0.0138402834394646,2.3978952727983707,0
rto_owner_address_parivahan_car_malik_address_finder,1,1,1,1,1,1,0,1,1,1,0,1,0,1,1,1,1,0,1,0,1,1,1,1,1,1,1,0,1,1,1,0,1,0,1,0,0,0,0,0,3.0360263577580184,2.0794415416798357,0.0267569085098252,0,0,0.377351048427175,0.7896162914581961,10.013797525307336,1,0,16.948559874517724,0.0,0,4.110873864173311,9.242043801047505,0.0,7.707062655370473,0,11.088476294450215,0.0267569085098252,2.302585092994046,0
tech_baatu_parentcop,1,1,0,1,1,1,1,0,1,1,0,1,1,1,1,1,0,1,0,0,1,1,0,1,1,0,1,1,1,1,0,0,1,0,1,0,0,0,0,0,2.963355712809145,1.9459101490553132,0.0187015962743353,0,0,0.4496395059165445,0.7368564704538959,10.151699960722732,1,0,17.577161362779908,0.0,0,3.8918202981106265,9.591404988823744,0.0,7.986164860332727,0,11.088476294450215,0.0187015962743353,2.0794415416798357,0
video_player_videoplayer,1,1,1,1,1,1,1,1,1,1,1,1,1,1,1,1,1,1,1,1,1,1,1,1,0,1,1,1,1,1,1,1,1,0,1,0,0,0,0,0,2.853085055905409,2.302585092994046,0.0237744092238868,0,0,0.4045329867245346,0.7903433954387141,10.070616829769651,1,0,17.209370049709246,0.0,0,3.8918202981106265,9.381814715500695,0.0,7.828038032125829,1,11.088476294450215,0.0237744092238868,2.70805020110221,0
videopalyer_hd_video_music_player,1,1,1,1,1,1,1,1,1,1,1,1,1,1,1,1,1,1,1,1,1,1,1,1,1,1,1,1,1,1,1,1,1,0,1,0,0,0,0,0,3.0419307078169417,1.9459101490553132,0.0108261731840234,0,0,0.3817082517443103,0.7521602892955697,10.028439776379264,1,0,17.82138553507333,0.0,0,4.110873864173311,9.269498760152166,0.0,8.552174160311482,0,11.088476294450215,0.0108261731840234,2.0794415416798357,0
revive_app,1,1,1,1,1,1,1,1,1,1,1,1,1,1,1,1,1,1,1,1,1,1,1,1,1,1,1,1,1,1,1,1,1,1,1,0,0,0,0,0,2.8940293819958565,2.302585092994046,0.008509851634187,0,0,0.5053156258621087,0.7385606471575903,10.23401505976048,1,0,18.675209769873412,0.0,0,3.8918202981106265,9.819315620343223,0.0,8.85609105525229,0,11.088476294450215,0.008509851634187,2.6390573296152584,0
yesmadamservices_app_com_yesmadamservices,1,1,0,1,1,1,1,1,1,1,1,1,1,1,1,1,1,1,0,1,1,1,0,1,1,0,1,1,1,1,1,1,1,1,1,0,0,0,0,0,3.1831908222534744,2.0794415416798357,0.009445348103305,0,0,0.3784559073988653,0.7612218836208797,10.030015281196343,1,0,17.991722792367945,0.0,0,4.110873864173311,9.261612188033835,0.0,8.730367211692958,0,11.088476294450215,0.009445348103305,2.302585092994046,0
ringtonemaker_musiccutter_customringtones_freeringtonemaker,1,1,1,1,1,1,1,0,1,1,1,1,1,1,1,1,1,1,1,1,1,1,1,1,1,1,1,0,1,1,1,1,1,0,1,0,0,0,0,0,2.908797083570172,2.1972245773362196,0.0202272468057511,0,0,0.4341800000467713,0.7728698733219747,10.12883646623385,1,0,17.429546119201248,0.0,0,3.8918202981106265,9.525653416932936,0.0,7.904334842085095,0,11.088904252333467,0.0202272468057511,2.4849066497880004,0
weather_radar_alert,1,1,1,1,1,1,1,1,1,1,1,1,1,1,1,1,1,1,1,1,1,1,1,1,1,1,1,1,1,1,1,1,1,0,1,0,0,0,0,0,2.956029291188763,1.9459101490553132,0.0149651365123604,0,0,0.3856711221440504,0.7320627605912666,10.031008029870492,1,0,17.60476251576239,0.0,0,3.044522437723423,9.285137903739214,0.0,8.31996102188653,0,11.088476294450215,0.0149651365123604,2.1972245773362196,0
screenrecorder_recorder_editor,1,1,0,1,1,1,1,0,1,1,1,1,1,1,1,1,0,1,1,1,1,1,1,1,0,1,1,1,1,1,0,1,1,1,1,0,0,0,0,0,3.2903681234871907,2.0794415416798357,0.0098025227051756,0,0,0.496033842919711,0.723085183594228,10.22323314392125,1,0,18.434346490824037,0.0,0,3.8918202981106265,9.785129233139251,0.0,8.649448770536708,0,11.088476294450215,0.0098025227051756,2.3978952727983707,0
redwhite_cricket_liveline_score,1,1,1,1,1,1,1,1,1,1,1,1,1,1,1,1,1,1,1,1,1,1,1,1,1,1,1,1,1,1,1,1,1,1,1,0,1,0,0,1,2.4286297295931973,2.302585092994046,0.0226018698051686,0,0,0.4017768541944412,0.7764693670697638,10.06646799664002,1,0,17.205733102479197,0.0,0,3.8918202981106265,9.369448602274725,0.0,7.836764783264067,1,11.088476294450215,0.0226018698051686,2.70805020110221,0
us_zoom_videomeetings,1,1,0,0,1,1,1,0,0,1,0,1,1,1,1,0,0,1,0,0,1,1,0,1,1,0,1,1,1,1,0,0,1,1,1,0,1,0,0,0,2.8976612374840727,2.3978952727983707,0.0045414351079293,0,0,0.5282401224538507,0.7492115633223303,10.260035510613836,1,0,19.31749705834361,0.0,0,4.110873864173311,9.905082419764884,0.0,9.412546252075511,0,11.089209824443223,0.0045414351079293,2.772588722239781,0
th_co_bualuang_blsgo,0,0,0,1,0,0,1,0,1,0,1,0,1,0,1,1,1,1,0,1,0,0,0,0,1,0,0,1,0,1,1,1,0,1,1,0,0,0,0,0,2.7572186450777383,2.1972245773362196,0.0126991756759615,0,0,0.4743123092753911,0.7681672658074983,10.19514879961416,1,0,18.083409440162,0.0,0,3.8918202981106265,9.700952365094084,0.0,8.382747094863314,0,11.088476294450215,0.0126991756759615,2.4849066497880004,0
videoeditor_videomaker_videoeditorforyoutube,1,1,1,1,1,1,1,1,1,1,1,1,1,1,1,1,1,1,1,1,1,1,1,1,1,1,1,1,1,1,1,1,1,0,1,0,0,0,0,0,3.3271028060975256,1.9459101490553132,0.0114849228563214,0,0,0.3950150625012526,0.7613955151473699,10.063221500937598,1,0,17.860804939715635,0.0,0,4.110873864173311,9.345100108115355,0.0,8.515992470839718,0,11.088476294450215,0.0114849228563214,2.0794415416798357,0
za_co_shoprite_sixty60,1,1,0,1,1,1,1,1,1,1,1,1,1,1,1,1,1,1,0,1,1,1,0,1,1,0,1,1,1,1,1,1,1,1,1,0,0,0,0,0,2.8914882975679763,2.1972245773362196,0.0051520913812064,0,0,0.4842737984569421,0.733755898863624,10.21588222301544,1,0,19.040853133911934,0.0,0,3.8918202981106265,9.74760967172402,0.0,9.293393927111468,0,11.088476294450215,0.0051520913812064,2.4849066497880004,0
railrestro_mobile_app,1,1,0,1,1,1,1,0,0,1,0,1,1,1,1,0,0,1,0,0,1,1,0,1,0,0,1,1,1,1,0,0,1,1,1,0,1,0,0,1,2.7086043230609715,2.302585092994046,0.0275431607641339,0,0,0.3640389017319213,0.8470483183458484,9.978967158631358,1,0,16.823019365134762,0.0,0,3.044522437723423,9.16489644426727,0.0,7.6586995582682995,0,11.088476294450215,0.0275431607641339,2.6390573296152584,0
todolist_scheduleplanner_dailyplanner_todo_reminders,1,1,1,1,1,1,1,0,1,1,1,1,1,1,1,1,1,1,1,1,1,1,1,1,1,1,1,1,1,1,1,1,1,0,1,0,0,0,0,0,2.864240683947057,1.9459101490553132,0.0198678862629542,0,0,0.4250763728265738,0.738052408432888,10.11405668365955,1,0,17.40434470674075,0.0,0,4.110873864173311,9.485064469508094,0.0,7.919719760924575,0,11.088476294450215,0.0198678862629542,2.0794415416798357,0
ru_yandex_weatherplugin,1,1,0,1,1,1,1,1,1,1,1,1,1,1,1,1,1,1,0,1,1,1,0,1,1,0,1,1,1,0,1,1,1,1,1,0,0,0,0,0,2.566352840947487,2.0794415416798357,0.0145738909329841,0,0,0.4687186649485211,0.7521198928283259,10.18777167014644,1,0,17.952087032305524,0.0,0,3.044522437723423,9.67881301554267,0.0,8.273591798199632,1,11.088476294450215,0.0145738909329841,2.302585092994046,0
video_player_audio_player_music,1,1,1,1,1,1,1,0,1,1,1,1,1,1,1,1,1,1,1,1,1,1,1,1,1,1,1,1,1,1,1,1,1,0,1,0,0,0,0,0,2.8424223352546836,2.302585092994046,0.0245989623531463,0,0,0.4211506171241209,0.7929779514232077,10.09306943244645,1,0,17.16079268215906,0.0,0,3.8918202981106265,9.452909579096035,0.0,7.708410667257367,0,11.088476294450215,0.0245989623531463,2.6390573296152584,0
000142080A2854488DAC3F43D11F15A3BEFB2F1CEDAA904FCEEB2C2E28D6A29F,0,0,0,0,0,0,0,0,1,0,1,0,0,0,0,0,0,0,1,1,0,0,0,0,0,0,0,0,0,0,0,1,0,0,1,0,0,0,0,0,1.7656249010604887,2.3978952727983707,0.0103478057945295,0,0,0.4438688243728887,0.8283310744268203,10.138913936483986,1,0,17.580338457378843,0.0,0,3.8918202981106265,9.562771574462886,0.0,8.017966703493599,0,11.088476294450215,0.0103478057945295,2.772588722239781,1
00010212C58DAC25E27496BF1BADAFBEABE2613C3D772EDAA97C2906A8DD8E6E,0,0,0,0,0,0,0,0,0,0,0,0,0,0,0,0,0,0,0,0,0,0,0,0,0,0,0,0,0,0,0,0,0,1,1,0,0,0,0,1,2.176371541414424,1.9459101490553132,0.0116651436482678,0,0,0.3763141492375564,0.79298090495176,10.03688653830772,1,0,17.036430731726533,0.0,0,3.8918202981106265,9.26166992621054,0.0,7.7752758464868625,0,11.088476294450215,0.0116651436482678,2.1972245773362196,1
00018B522A51D6573A615153E7BFB33AC961BF5EF604AC7EDB04072CE238B9AF,0,0,0,0,0,0,0,0,0,0,0,0,0,0,0,0,0,0,0,0,0,0,0,0,0,0,0,0,0,0,0,0,0,1,1,0,0,0,0,1,2.045646873917941,1.791759469228055,0.0195633024273057,0,0,0.3782913668146647,0.7167142160704714,10.010693100427234,1,0,16.570269202402308,0.0,0,4.110873864173311,9.24192868111591,0.0,7.329093736246592,0,11.088476294450215,0.0195633024273057,1.791759469228055,1
00005B6B8FDD182A2F7FF41FE9738CDDE5D39AF500D60DF38AE618BD76082CB5,0,0,0,0,0,0,0,0,0,0,0,0,0,0,0,0,0,0,0,0,0,0,0,0,0,0,0,0,0,0,0,0,0,1,1,0,1,0,0,1,1.4077818350887588,2.1972245773362196,0.0070284615526233,0,0,0.2465893419441157,0.7939946128051172,9.593416855778305,1,0,16.452244977425853,0.0,0,3.8918202981106265,8.339656310030747,0.0,8.11312710422178,0,11.088476294450215,0.0070284615526233,2.5649493574615367,1
00012AD75F4263341ADAF25A1AD4053584F797EAA205FC09FD240395C4C82F4F,0,0,0,0,0,0,0,0,0,0,0,0,0,0,0,0,0,0,0,0,0,0,0,0,0,0,0,0,0,0,0,0,0,0,1,1,0,0,0,0,1.83935845105848,1.6094379124341005,0.0080580553350337,0,0,0.4278548526304863,0.7517752781060816,10.109131716311587,1,0,17.179246680392584,0.0,0,3.8918202981106265,9.48812229733156,0.0,7.691656822810547,0,11.088476294450215,0.0080580553350337,1.791759469228055,1
00026A23B3B23660F09F453907E84BF0DF8F4DBD3D28725AEC5B1D725D4BAD70,0,0,0,1,0,0,0,0,0,0,1,0,0,0,0,0,0,0,0,1,0,0,0,0,0,0,0,0,0,0,0,1,0,0,1,0,0,0,0,0,1.636456782909357,2.1972245773362196,0.0093845112064526,0,0,0.4488303386907826,0.8067176210772442,10.136471626463214,1,0,17.4589258269533,0.0,0,3.8918202981106265,9.574042367277212,0.0,7.885329239273191,0,11.088476294450215,0.0093845112064526,2.4849066497880004,1
000289D22687E8289BB6B247D5C17A2376D29C6E667E8121F770D5D13FC274D5,0,0,0,0,0,0,0,0,1,0,1,0,0,0,1,0,0,0,0,1,0,0,0,0,0,0,0,0,0,0,0,1,0,0,1,0,0,0,0,0,1.9590841376506565,1.3862943611198906,0.0139320823076792,0,0,0.4418001058470117,0.6956900042591936,10.136663889021532,1,0,17.050814145202487,0.0,0,3.044522437723423,9.554787624381923,0.0,7.496652438168283,0,11.088476294450215,0.0139320823076792,1.3862943611198906,1
0002D1950CC73492ADBFDA00645B13C47826A7F4299C29572F838B5F35842F01,0,0,0,0,0,0,0,0,0,0,0,0,0,0,0,0,0,0,0,0,0,0,0,0,0,0,0,0,0,0,0,0,0,0,1,0,0,0,0,1,1.6297168707354308,1.9459101490553132,0.0172744100405767,0,0,0.3456015735996265,0.7738456967886321,9.911621036396014,1,0,16.277566013293736,0.0,0,3.8918202981106265,9.037035163751847,0.0,7.241366283322318,0,11.088476294450215,0.0172744100405767,1.9459101490553132,1
00021820DEB84161664762DB6DFDD14359A3DC2C7F7C0E0BD7587DC4005E0A3A,0,0,0,1,0,0,0,0,1,0,1,0,0,0,1,0,0,0,0,1,1,0,0,0,0,0,0,0,0,0,0,1,0,0,1,0,0,0,0,0,1.8133505258813392,1.791759469228055,0.0254623673300054,0,0,0.3436694205561873,0.7088756701802608,9.898171814171617,1,0,16.127737320319046,0.0,0,3.8918202981106265,9.017162415523687,0.0,7.111512116496157,0,11.089698545683303,0.0254623673300054,1.791759469228055,1
0001EF3DC57C9905FE7EAD593F2C3C092AAE46FA924116EAA704BE896106371D,0,0,0,0,0,0,0,0,0,0,0,0,0,0,0,0,0,0,0,0,0,0,0,0,0,0,0,0,0,0,0,0,0,0,1,0,0,0,0,0,2.606373188757868,1.6094379124341005,0.0224435442699264,0,0,0.4061647606802532,0.7088366601154151,10.061980812470004,1,0,16.611472547230946,0.0,0,3.8918202981106265,9.37810162669672,0.0,7.234177179749849,0,11.088476294450215,0.0224435442699264,1.6094379124341005,1
000234B3B17AA773825C5CC4512702ADD18509BDEBB039F36AA6F5D0EE7A78B6,0,0,0,0,0,0,0,0,0,0,0,0,0,0,0,0,0,0,0,0,0,0,0,0,0,0,0,0,0,0,0,0,0,1,1,1,0,0,1,1,2.2315329163982462,1.3862943611198906,0.0166785361555487,0,0,0.3999133517863006,0.6996999590786587,10.057435271463357,1,0,16.808355266512308,0.0,0,4.110873864173311,9.35487989054048,0.0,7.454141078146678,0,11.088476294450215,0.0166785361555487,1.3862943611198906,1
0002996DF1C09CEE8CAA4E44AD873BB838272F25DE5EB2B7640D4FC5CC1E47C5,0,0,0,0,0,0,0,0,0,0,0,0,0,0,0,0,0,0,0,0,0,0,0,0,0,0,0,0,0,0,0,0,0,1,1,0,0,0,0,0,2.0402575276250157,2.3978952727983707,0.019243090561229,0,0,0.293075822536446,1.0170699896951476,9.726670618055556,1,0,15.973225936094668,0.0,0,3.8918202981106265,8.664186129735207,0.0,7.309881485824787,0,11.088476294450215,0.019243090561229,2.70805020110221,1
000361DE8A2FA316B685ADABA1FB6BA0499182E773E8621E958337CAF931EFFB,0,0,0,0,0,0,0,0,0,0,0,0,0,0,0,0,0,0,0,0,1,0,0,0,0,0,0,0,0,0,0,0,0,0,1,0,0,0,0,0,2.505030059121023,1.9459101490553132,0.0191288304015204,0,0,0.3462009532619504,0.7609422111027918,9.922704848413874,1,0,16.40938767468824,0.0,0,3.8918202981106265,9.050037355245058,0.0,7.360103972989152,0,11.088476294450215,0.0191288304015204,2.0794415416798357,1
000314F0837FF123AF5445038690A6A697E4FEB6CCE50066D9E776C1EDC1942D,0,0,0,0,0,0,0,0,0,0,0,0,0,0,0,0,0,0,0,0,0,0,0,0,0,0,0,0,0,0,0,0,0,0,1,0,0,0,1,1,2.1333767864209734,1.9459101490553132,0.0125855741887483,0,0,0.4643238189882092,0.7387738955774947,10.162871241134816,1,0,17.406977907276474,0.0,0,3.8918202981106265,9.642322259168244,0.0,7.7651449029361315,0,11.088476294450215,0.0125855741887483,2.0794415416798357,1
000346F87D850BB9F756009D54FDCDD6F3944A597946D84BD7F596D96B883A2F,0,0,0,1,0,0,0,0,1,0,1,0,0,0,1,0,0,0,0,1,1,0,0,0,0,0,0,0,0,0,0,1,0,1,1,0,0,0,0,0,1.8640261691282456,1.791759469228055,0.0132877575307999,0,0,0.440527156690669,0.7451924430695196,10.12606020315488,1,0,17.054883749133772,0.0,0,3.8918202981106265,9.540700926168348,0.0,7.51479976048867,0,11.088476294450215,0.0132877575307999,1.791759469228055,1
00036ABBB6497F684E879A70E1AE4759342DF4E559486639ED55657F155B6351,1,1,0,1,1,1,0,0,1,1,1,1,0,1,1,0,0,0,1,1,0,0,0,0,0,0,1,0,1,0,0,1,1,0,1,0,0,0,0,0,2.0009677007930557,1.791759469228055,0.0085356802801144,0,0,0.4685149579415278,0.7281354775759721,10.180564951442294,1,0,17.616241021338094,0.0,0,3.8918202981106265,9.671102948803211,0.0,7.945555428253489,0,11.088476294450215,0.0085356802801144,1.791759469228055,1
000371520366622D75A974E3DA635976A5F8D6569A5D2CAEB08BDAB46E842734,0,0,0,0,0,0,0,0,0,0,0,0,0,0,0,0,0,0,0,0,0,0,0,0,0,0,0,0,0,0,0,0,0,1,1,1,1,0,1,1,2.5785761616313305,1.9459101490553132,0.0145341264732367,0,0,0.4465283636308435,0.7495261220626176,10.148974225281084,1,0,17.235452360160455,0.0,0,3.8918202981106265,9.58013077291895,0.0,7.655864017616056,0,11.088476294450215,0.0145341264732367,2.0794415416798357,1
000371520366622D75A974E3DA635976A5F8D6569A5D2CAEB08BDAB46E842734,0,0,0,0,0,0,0,0,0,0,0,0,0,0,0,0,0,0,0,0,0,0,0,0,0,0,0,0,0,0,0,0,0,1,1,1,1,0,1,1,2.2863919766455933,2.3978952727983707,0.0075482165623672,0,0,0.3663660226519538,0.8193632097608329,9.976741808504022,1,0,17.252204161361895,0.0,0,3.8918202981106265,9.168979748625164,0.0,8.083637203141548,0,11.088476294450215,0.0075482165623672,2.70805020110221,1
000371520366622D75A974E3DA635976A5F8D6569A5D2CAEB08BDAB46E842734,0,0,0,0,0,0,0,0,0,0,0,0,0,0,0,0,0,0,0,0,0,0,0,0,0,0,0,0,0,0,0,0,0,1,1,1,1,0,0,1,2.5785761616313305,1.9459101490553132,0.0145341264732367,0,0,0.4465283636308435,0.7495261220626176,10.148974225281084,1,0,17.235452360160455,0.0,0,3.8918202981106265,9.58013077291895,0.0,7.655864017616056,0,11.088476294450215,0.0145341264732367,2.0794415416798357,1
000371520366622D75A974E3DA635976A5F8D6569A5D2CAEB08BDAB46E842734,0,0,0,0,0,0,0,0,0,0,0,0,0,0,0,0,0,0,0,0,0,0,0,0,0,0,0,0,0,0,0,0,0,1,1,1,1,0,0,1,2.2863919766455933,2.3978952727983707,0.0075482165623672,0,0,0.3663660226519538,0.8193632097608329,9.976741808504022,1,0,17.252204161361895,0.0,0,3.8918202981106265,9.168979748625164,0.0,8.083637203141548,0,11.088476294450215,0.0075482165623672,2.70805020110221,1
000183CF190B53ABAF0E6B9C5D6F44B7804334C5DB3ACB2308E7CC3259122C3E,0,0,0,0,0,0,0,0,0,0,0,0,0,0,0,0,0,0,0,0,1,0,0,0,0,0,0,0,0,0,0,0,0,0,1,0,0,0,0,0,2.394161394663825,2.1972245773362196,0.0123540961976051,0,0,0.3301347034674624,0.8130283523512759,9.89629231012314,1,0,16.6879233479793,0.0,0,3.044522437723423,8.96847667232727,0.0,7.720017940432244,0,11.088476294450215,0.0123540961976051,2.3978952727983707,1
000117948810F5DE07F0B296F68535C72B68E4A74B695CE08C488E319FCBF906,1,1,0,0,1,1,0,0,0,1,0,1,0,1,0,0,0,0,1,0,0,0,1,0,0,0,1,0,1,0,0,0,1,0,1,1,0,0,0,1,2.5772874759855715,1.6094379124341005,0.0263699141931427,0,0,0.2519534418880397,0.7288496061762284,9.511054832868153,1,0,15.212078712469172,0.0,0,4.110873864173311,8.282814550836298,0.0,6.930494765951626,0,11.071330462204312,0.0263699141931427,1.9459101490553132,1
00026B5BA69D84234A229C2638D90FB4287B1C7E5DF5987F6E3028AA02EF1CD7,0,0,0,0,0,0,0,0,0,0,0,0,0,0,0,0,0,0,0,0,0,0,0,0,0,0,0,0,0,0,0,0,0,1,1,0,0,0,1,1,2.236175493664185,1.3862943611198906,0.0168476039973177,0,0,0.4355273860756343,0.6989239723898518,10.12116591271444,1,0,17.023940615270806,0.0,0,4.110873864173311,9.521827326646155,0.0,7.502738210754851,0,11.088476294450215,0.0168476039973177,1.3862943611198906,1
00016A9CC8E89A55E827BC17B84FC9C0F23A5FF5B21ADA378688DDB3D64A16EF,0,0,0,0,0,0,0,0,0,0,0,0,0,0,0,0,0,0,0,0,0,0,0,0,0,0,0,0,0,0,0,0,0,1,1,0,0,0,1,1,1.6581962415398592,2.0794415416798357,0.0196636458494394,0,0,0.3274416789205274,0.7251239656482804,9.840132042446902,1,0,16.133141196950174,0.0,0,3.8918202981106265,8.903438250322733,0.0,7.2305631534092925,0,11.088476294450215,0.0196636458494394,2.1972245773362196,1
00021576BF9645ECAD95279718EBC3ED25B3E0F9C667ABE950CF4B42A9453996,1,1,0,1,1,1,0,0,1,1,1,1,0,1,1,0,0,0,1,1,0,0,1,0,0,0,1,0,1,0,0,1,1,0,1,0,0,0,0,0,2.1235128557784204,1.3862943611198906,0.0112735049517594,0,0,0.4617748674702887,0.6937653080860331,10.166070887751143,1,0,17.415135047399644,0.0,0,3.8918202981106265,9.63866515397868,0.0,7.776954403322442,0,11.088476294450215,0.0112735049517594,1.3862943611198906,1
00012E8F2E49E601EDC786CABAB52FA844D50ADD7D3D09EFD7F8B23E6BA42EFB,1,1,0,1,1,1,1,0,1,1,1,1,1,1,1,0,0,1,1,1,1,1,0,0,0,0,1,0,1,0,0,1,1,1,1,0,0,0,0,0,2.1160464544348314,1.9459101490553132,0.0081178738756928,0,0,0.3807765912626878,0.7729569593839182,10.029739334496128,1,0,17.535346574861265,0.0,0,3.8918202981106265,9.268248742786378,0.0,8.267448958304849,0,11.088476294450215,0.0081178738756928,2.0794415416798357,1
000287DD9FB45D48634157C56FDE589F5F6D1D27070827296121C723E3B5941C,0,0,0,1,0,0,0,0,0,0,1,0,0,0,0,0,0,0,0,0,0,0,0,0,0,0,0,0,0,0,0,1,0,0,1,0,0,0,0,1,1.9832080054725332,1.9459101490553132,0.0259340035783214,0,0,0.3546106019764988,0.8125935649812127,9.92855317782996,1,0,16.147790851664162,0.0,0,3.8918202981106265,9.08400026635676,0.0,7.064759027791802,0,11.088476294450215,0.0259340035783214,1.9459101490553132,1
musicplayer_mp3player_musicapp,1,1,1,1,1,1,1,0,1,1,1,1,1,1,1,1,1,1,1,1,1,1,1,1,1,1,1,1,1,1,1,1,1,0,1,0,0,0,0,0,2.549755752296431,2.0794415416798357,0.0257714209479259,0,0,0.3930241493014856,0.7832135145497577,10.053664953536623,1,0,17.09190210172026,0.0,0,3.8918202981106265,9.33024578366448,0.0,7.762170607138205,1,11.088476294450215,0.0257714209479259,2.3978952727983707,0
org_ieee_mobile_mcoe_ieee,0,0,0,1,0,0,1,1,1,0,1,0,1,0,1,1,0,1,0,1,0,0,0,0,1,0,0,1,0,1,0,1,0,0,1,0,0,0,0,0,3.516535232843619,2.0794415416798357,0.0341170539120354,0,0,0.3647735713236299,0.7562505919433945,9.97417902099722,1,0,16.588979205456255,0.0,0,3.8918202981106265,9.162534972766537,0.0,7.427144133408616,1,11.088476294450215,0.0341170539120354,2.3978952727983707,0
paper_puzzle_fold_fun_play,1,1,1,0,1,1,0,1,0,1,0,1,0,1,0,1,1,0,1,0,1,1,1,1,0,1,1,1,1,1,1,0,1,0,1,0,0,0,0,0,3.1818783411750435,2.302585092994046,0.029217696892456,0,0,0.437578917865492,0.8222953859129852,10.130472565813712,1,0,17.092150408807925,0.0,0,3.8918202981106265,9.53684057383822,0.0,7.555905093611346,1,11.088476294450215,0.029217696892456,2.6390573296152584,0
math_games_education_learn_logic_fun,1,1,1,0,1,1,0,1,1,1,0,1,0,1,0,1,1,0,1,0,1,1,1,1,0,1,1,0,1,1,1,0,1,1,1,0,0,0,0,0,2.4744724923358716,2.4849066497880004,0.0104131499484884,0,0,0.4180721841535383,0.7954907719673828,10.12165698757315,1,0,18.144623731225373,0.0,0,3.8918202981106265,9.472385840326837,0.0,8.672486075822272,0,11.088476294450215,0.0104131499484884,2.9444389791664403,0
pedometer_stepcounter_calorieburner_pedometerforwalking,1,1,1,1,1,1,1,1,1,1,1,1,1,1,1,1,1,1,1,1,1,1,1,1,0,1,1,1,1,1,1,1,1,1,1,0,0,0,0,0,3.044303136705533,1.9459101490553132,0.0201339715259598,0,0,0.3803892948576439,0.7883448687418734,10.006564560062015,1,0,16.879148926010302,0.0,0,3.8918202981106265,9.244424855203064,0.0,7.635303886259415,0,11.088476294450215,0.0201339715259598,2.1972245773362196,0
pdf_reader_pdfviewer_pdfeditor,1,1,1,1,1,1,1,1,1,1,1,1,1,1,1,1,1,1,1,1,1,1,1,1,1,1,1,0,1,1,1,1,1,0,1,0,0,0,0,0,3.0698584615727413,2.1972245773362196,0.0289847833361737,0,0,0.4238213720052993,0.7489283507634855,10.098309873190177,1,0,17.069635372971746,0.0,0,3.8918202981106265,9.465814823727516,0.0,7.604396348796338,1,11.088476294450215,0.0289847833361737,2.4849066497880004,0
org_thunderdog_challegram,1,1,0,1,1,1,1,1,0,1,0,1,1,1,1,0,0,1,0,0,1,1,0,1,1,0,1,1,1,1,0,0,1,1,1,0,0,0,0,0,3.0758773162492052,2.0794415416798357,0.022663826466539,0,0,0.438679346690899,0.7839009369323388,10.132640476736418,1,0,17.300767063000734,0.0,0,3.8918202981106265,9.54207825831366,0.0,7.759187438507795,0,11.088476294450215,0.022663826466539,2.3978952727983707,0
maxplayer_mediaplayer_videoplayer,1,1,1,1,1,1,1,1,1,1,1,1,1,1,1,1,1,1,1,1,1,1,1,1,0,1,1,1,1,1,1,1,1,0,1,0,0,0,0,0,2.9124659203982013,2.302585092994046,0.0174098974182427,0,0,0.3512128993098964,0.843190343111033,9.960231106668374,1,0,17.21408650667147,0.0,0,3.8918202981106265,9.103169953646148,0.0,8.111328003286733,0,11.088476294450215,0.0174098974182427,2.6390573296152584,0
mirchi_livevideo_chat,1,1,0,1,1,1,1,1,1,1,1,1,1,1,1,1,1,1,0,1,1,1,0,1,1,0,1,1,1,1,1,1,1,0,1,0,0,0,0,0,2.48104277410843,2.6390573296152584,0.0141932110525211,0,0,0.4243102039293125,0.8792142940042349,10.113552743059818,1,0,17.851444858405774,0.0,0,3.044522437723423,9.482363914682416,0.0,8.369388996647842,0,11.088476294450215,0.0141932110525211,3.1354942159291497,0
org_acharyaprashant_apbooks,0,0,0,1,0,0,1,1,1,0,1,0,1,0,1,0,0,1,0,1,1,0,0,0,1,0,0,1,0,1,0,1,0,1,1,0,0,0,0,0,2.3828762313093836,2.4849066497880004,0.0112401447079853,0,0,0.481711265701861,0.7981354392416788,10.209083586128514,1,0,18.29323205980445,0.0,0,3.8918202981106265,9.7341886794102,0.0,8.559294367434873,1,11.088476294450215,0.0112401447079853,2.8903717578961645,0
net_openkochi_yatripartner,1,1,0,1,1,1,1,1,1,1,1,1,1,1,1,1,1,1,0,1,1,1,0,1,1,0,1,1,1,1,1,1,1,1,1,0,0,0,0,0,2.4858083395740125,2.302585092994046,0.0144516603934715,0,0,0.4825351098248981,0.8141511243331505,10.202481711131671,1,0,18.015468628838775,0.0,0,3.8918202981106265,9.72976268150723,0.0,8.286017468404763,0,11.088476294450215,0.0144516603934715,2.772588722239781,0
org_telegram_messenger,0,0,0,1,0,0,1,1,0,0,1,0,1,0,1,0,0,1,0,0,1,0,0,0,0,0,0,1,0,1,0,1,0,1,1,0,1,0,0,1,3.0618796038584186,2.302585092994046,0.0160085165677181,0,0,0.4529038925170905,0.8084249724429897,10.152534262826835,1,0,17.829547134274122,0.0,0,3.8918202981106265,9.60117088497841,0.0,8.228710798793687,1,11.088476294450215,0.0160085165677181,2.6390573296152584,0
mobi_mangatoon_novel_portuguese,1,1,1,1,1,1,1,1,1,1,1,1,1,1,1,1,1,1,1,1,1,1,1,1,1,1,1,1,1,1,1,1,1,0,1,0,0,0,0,0,2.3944546375215525,2.1972245773362196,0.0203673754640574,0,0,0.4409803954468265,0.7841912072103041,10.13171708364666,1,0,17.468688764334424,0.0,0,3.8918202981106265,9.54758739263709,0.0,7.921535632133549,0,11.088476294450215,0.0203673754640574,2.5649493574615367,0
net_skyscanner_android_main,1,1,0,1,1,1,1,1,1,1,1,1,1,1,1,1,1,1,0,1,1,1,0,1,1,0,1,1,1,1,1,1,1,1,1,0,0,0,0,0,2.8695194658262695,2.302585092994046,0.0148541165410197,0,0,0.4761101714116503,0.8361048173315498,10.19375133289182,1,0,18.01193552716475,0.0,0,3.044522437723423,9.704290568545112,0.0,8.30795254527102,0,11.088476294450215,0.0148541165410197,2.70805020110221,0
myradio_radio_fmradio_liveradio_radiostation,1,1,1,1,1,1,1,0,1,1,1,1,1,1,1,1,1,1,1,1,1,1,1,1,0,1,1,1,1,1,1,1,1,0,1,0,0,0,0,0,2.10918516026655,2.5649493574615367,0.0232951054678387,0,0,0.4091905205419209,0.9297013443252096,10.098784104119591,1,0,17.25078187311018,0.0,0,3.8918202981106265,9.423621735282993,0.0,7.827639546366422,1,11.088476294450215,0.0232951054678387,3.044522437723423,0
music_ytstream_youtify,1,1,1,1,1,1,1,1,1,1,1,1,1,1,1,1,1,1,1,1,1,1,1,1,1,1,1,1,1,1,1,1,1,1,1,0,0,0,0,0,2.098940208050612,2.302585092994046,0.0149568202078131,0,0,0.4356020370273892,0.8595492137873398,10.134654184615345,1,0,17.8168414746607,0.0,0,3.8918202981106265,9.535442846415757,0.0,8.281723990411392,1,11.088476294450215,0.0149568202078131,2.772588722239781,0
org_player,1,1,1,1,1,1,1,1,1,1,1,1,1,1,1,1,1,1,1,1,1,1,1,1,1,1,1,1,1,1,1,1,1,0,1,0,0,0,0,0,2.6584221740073524,1.9459101490553132,0.00978159029627,0,0,0.4861834316754311,0.7323534939822224,10.20655499233947,1,0,18.17113711972922,0.0,0,4.110873864173311,9.74327107320596,0.0,8.428143374582726,0,11.088476294450215,0.00978159029627,2.0794415416798357,0
net_manta_comic,1,1,1,1,1,1,1,1,1,1,1,1,1,1,1,1,1,1,1,1,1,1,1,1,1,1,1,1,1,1,1,1,1,1,1,0,0,0,0,0,2.529241829244131,2.0794415416798357,0.0137931589638055,0,0,0.4629464177923212,0.8008282478702532,10.173898680219828,1,0,17.97119766462684,0.0,0,3.8918202981106265,9.649597295410638,0.0,8.321907968230423,0,11.088476294450215,0.0137931589638055,2.4849066497880004,0
notion_id,1,1,0,1,1,1,1,1,1,1,1,1,1,1,1,0,0,1,0,1,1,1,0,1,1,0,1,1,1,1,0,1,1,1,1,0,0,0,0,0,2.932531320303113,2.4849066497880004,0.0141888056651956,0,0,0.4554564878696736,0.8581718781903529,10.169079676137924,1,0,17.994362507865343,0.0,0,3.8918202981106265,9.62457597573894,0.0,8.370084326378025,1,11.088476294450215,0.0141888056651956,2.8903717578961645,0
mymusic_offlinemusicplayer_mp3player_playmusic,1,1,1,1,1,1,1,0,1,1,1,1,1,1,1,1,1,1,1,1,1,1,1,1,1,1,1,1,1,1,1,1,1,0,1,0,0,0,0,0,2.2634243298259547,2.1972245773362196,0.016219828129406,0,0,0.4489748149888515,0.8057852590909222,10.159765177970352,1,0,17.831829702802768,0.0,0,3.044522437723423,9.59759794301241,0.0,8.234564993267135,1,11.088476294450215,0.016219828129406,2.5649493574615367,0
org_ondc_nirmitbap,1,1,1,1,1,1,1,1,1,1,1,1,1,1,1,0,1,1,0,1,1,1,0,1,1,0,1,1,1,1,1,1,1,1,1,0,0,0,0,0,3.0590467312780247,2.3978952727983707,0.0149641723028044,0,0,0.4469408965545192,0.7808865057697495,10.151313063597527,1,0,17.784362718588245,0.0,0,3.044522437723423,9.583594292722356,0.0,8.201111644442758,0,11.088476294450215,0.0149641723028044,2.772588722239781,0
photo_cameraselfie_sweet_camera,1,1,1,0,1,1,1,1,0,1,0,1,1,1,0,1,1,1,1,0,1,1,1,1,1,1,1,0,1,1,1,0,1,0,1,0,0,0,0,0,3.2228566527502474,1.791759469228055,0.0086890289667435,0,0,0.4995360757050536,0.7029281330093327,10.22526526760871,1,0,18.305750742021974,0.0,0,4.110873864173311,9.796040728348885,0.0,8.509967146324497,0,11.090614254734977,0.0086890289667435,1.9459101490553132,0
org_videolan_vlc,1,0,0,0,0,0,0,0,0,0,0,0,0,0,0,0,0,0,0,0,1,0,0,0,0,0,0,1,0,1,0,0,0,0,1,0,0,0,0,1,2.734861864242811,2.4849066497880004,0.01476102770761,0,0,0.4564112704818267,0.7814731983324968,10.164569933625309,1,0,17.897739859228924,0.0,0,3.044522437723423,9.62268442397868,0.0,8.275376374836407,1,11.088476294450215,0.01476102770761,2.8903717578961645,0
money_super_payments,1,1,0,1,1,1,1,1,1,1,1,1,1,1,1,1,1,1,0,1,1,1,0,1,1,0,1,1,1,1,1,1,1,1,1,0,0,0,0,0,2.2920346129387306,2.5649493574615367,0.0160063097096609,0,0,0.4497247565957951,0.8848330390431619,10.158886565774232,1,0,17.72286713251984,0.0,0,3.8918202981106265,9.598784322541798,0.0,8.124446855715847,1,11.088476294450215,0.0160063097096609,3.091042453358316,0
org_thoughtcrime_securesms,0,0,0,1,0,0,1,0,0,0,0,0,1,0,1,0,0,1,0,0,1,0,0,0,1,0,0,1,0,1,0,0,0,1,1,0,1,0,0,0,3.1021342574795687,2.302585092994046,0.0089793700167091,0,0,0.5022512813421882,0.7792553587583173,10.22520418087803,1,0,18.577560160246737,0.0,0,3.8918202981106265,9.802838631599442,0.0,8.774931387494947,0,11.090614254734977,0.0089793700167091,2.70805020110221,0
me_ingala_galachat,0,0,0,1,0,0,1,1,1,0,1,0,1,0,1,1,1,1,0,1,1,0,0,0,1,0,0,1,0,1,1,1,0,0,1,0,0,0,0,0,2.6931642799532316,2.9444389791664403,0.0276935856556679,0,0,0.2835024065296174,1.0723319698729734,9.741752337959108,1,0,16.282292866346143,0.0,0,3.8918202981106265,8.641385189966709,0.0,7.641564441260972,0,11.071330462204312,0.0276935856556679,3.49650756146648,0
org_mozilla_firefox,1,1,0,1,1,1,1,1,1,1,0,1,1,1,1,1,0,1,0,0,1,1,0,1,1,0,1,1,1,1,0,0,1,0,1,0,0,0,0,0,2.9422828205276086,1.9459101490553132,0.0076405559682429,0,0,0.5056054023383525,0.7148390180966948,10.23782168772185,1,0,18.67572732242185,0.0,0,4.110873864173311,9.823831790596188,0.0,8.85209276347713,0,11.088476294450215,0.0076405559682429,2.1972245773362196,0
0005FAFA5FA61EA3FD6CAE8684ABE566B9F3513751AF5944066DA426CDCA02AE,1,0,0,0,0,0,0,0,0,0,0,0,0,0,0,0,0,0,0,0,0,0,0,0,0,0,0,0,0,0,0,0,0,0,1,0,1,0,0,1,2.4038767829230903,1.9459101490553132,0.0157713733798521,0,0,0.4397408194643811,0.8318176917867383,10.107664470659184,1,0,16.609639612502257,0.0,0,4.110873864173311,9.519636114619042,0.0,7.0909098220799835,0,11.088476294450215,0.0157713733798521,2.0794415416798357,1
000E609685B5DC5311F74F6C99E23811212AF904E95D18E23C39CDD4E55715DE,0,0,0,0,0,0,0,0,0,0,0,0,0,0,0,0,0,0,0,0,0,0,0,0,0,0,0,0,0,0,0,0,0,1,1,1,0,0,0,1,2.691141115255318,1.9459101490553132,0.0258260658938325,0,0,0.4043726397397736,0.8255634534968688,10.00146257755617,1,0,15.755006321622217,0.0,0,4.110873864173311,9.312556298911804,0.0,6.444131256700441,0,11.088476294450215,0.0258260658938325,2.0794415416798357,1
00038EC8855A2CC9170C0F0882181482C9977CC4D3AF93475E2CED20BAC87601,0,0,0,0,0,0,0,0,0,0,0,0,0,0,0,0,0,0,0,0,0,0,0,0,0,0,0,0,0,0,0,0,0,1,1,0,0,0,1,1,1.969699380318614,2.0794415416798357,0.0210415936523162,0,0,0.4301574131501812,0.8000009106403068,10.081672856430416,1,0,16.3908339188933,0.0,0,3.8918202981106265,9.467282558909243,0.0,6.92461239604856,0,11.088476294450215,0.0210415936523162,2.1972245773362196,1
00040F7E1034634D2B8B438E37E43E04D2523496FC668C592BB4F5C562E16073,1,0,0,1,0,0,1,0,1,0,1,0,1,0,1,1,0,1,0,1,0,0,0,0,0,0,0,0,0,1,0,1,0,0,1,0,0,0,0,0,2.0708927267279336,1.9459101490553132,0.0021055775537665,0,0,0.4969605659950301,0.7335733034150063,10.250058481609914,1,0,18.47643207053141,0.0,0,4.110873864173311,9.889763499226667,0.0,8.586905803827538,0,11.088476294450215,0.0021055775537665,2.0794415416798357,1
0004AD1FC2C5E5D358D40A69E215E621FFF591805EDEC110DAD79E1093CA7CC1,0,0,0,0,0,0,0,0,0,0,0,0,0,0,0,0,0,0,0,0,0,0,0,0,0,0,0,0,0,0,0,0,0,1,1,0,0,0,0,1,2.704398471251524,1.791759469228055,0.0464819571217657,0,0,0.3682171994615976,0.825687314881178,9.90399629403443,1,0,15.53283146193719,0.0,0,4.110873864173311,9.103223117022456,0.0,6.431331081933479,0,11.071330462204312,0.0464819571217657,1.9459101490553132,1
00043914D385019B70FA2D0E289EC3FDF8A07CCED326C03EA3CF3D71BBBB1206,0,0,0,0,0,0,0,0,0,0,0,0,0,0,0,0,0,0,0,0,0,0,0,0,0,0,0,0,0,0,0,0,0,0,1,1,0,0,0,1,2.3868562797818105,1.791759469228055,0.0097836296289701,0,0,0.4836689387325817,0.751366140386497,10.19246653514904,1,0,17.10853350564837,0.0,0,3.044522437723423,9.722742297672552,0.0,7.3864708488298945,0,11.088476294450215,0.0097836296289701,1.9459101490553132,1
000461DA0D6436E86A764335BECEC402D2B8EDAD0C04B5B4650F18DA926EBABD,1,1,0,1,1,1,1,0,1,1,1,1,1,1,1,1,0,1,1,1,1,1,1,1,0,1,1,0,1,1,0,1,1,0,1,0,0,0,0,0,2.1718798813521736,1.791759469228055,0.0108705128071152,0,0,0.5020414530040246,0.7586724907948232,10.199262147031352,1,0,17.17367673576594,0.0,0,4.110873864173311,9.777398127954989,0.0,7.396948602621014,0,11.088476294450215,0.0108705128071152,1.9459101490553132,1
000DDCEE5F9FA00F4652828CB2D4E4B08A3A422F4472D01F56886A40744BF4BD,0,0,0,0,0,0,0,0,0,0,0,0,0,0,0,0,0,0,0,0,0,0,0,0,0,0,0,0,0,0,0,0,0,0,1,1,0,0,0,1,2.201559287855188,1.6094379124341005,0.0116370012005758,0,0,0.4683479972522714,0.7155165123109537,10.192169567602134,1,0,17.496539376321653,0.0,0,3.8918202981106265,9.68220210324254,0.0,7.814803429489359,0,11.088476294450215,0.0116370012005758,1.9459101490553132,1
000DDCEE5F9FA00F4652828CB2D4E4B08A3A422F4472D01F56886A40744BF4BD,0,0,0,0,0,0,0,0,0,0,0,0,0,0,0,0,0,0,0,0,0,0,0,0,0,0,0,0,0,0,0,0,0,0,1,1,0,0,0,1,2.7242406880377033,1.791759469228055,0.0133792770421662,0,0,0.5040563426961504,0.7364451544816566,10.215872369805522,1,0,17.495528514730637,0.0,0,3.8918202981106265,9.799371338171834,0.0,7.696667081526462,0,11.088476294450215,0.0133792770421662,1.9459101490553132,1
000DDCEE5F9FA00F4652828CB2D4E4B08A3A422F4472D01F56886A40744BF4BD,0,0,0,0,0,0,0,0,0,0,0,0,0,0,0,0,0,0,0,0,0,0,0,0,0,0,0,0,0,0,0,0,0,1,1,1,0,0,0,1,2.201559287855188,1.6094379124341005,0.0116370012005758,0,0,0.4683479972522714,0.7155165123109537,10.192169567602134,1,0,17.496539376321653,0.0,0,3.8918202981106265,9.68220210324254,0.0,7.814803429489359,0,11.088476294450215,0.0116370012005758,1.9459101490553132,1
000DDCEE5F9FA00F4652828CB2D4E4B08A3A422F4472D01F56886A40744BF4BD,0,0,0,0,0,0,0,0,0,0,0,0,0,0,0,0,0,0,0,0,0,0,0,0,0,0,0,0,0,0,0,0,0,1,1,1,0,0,0,1,2.7242406880377033,1.791759469228055,0.0133792770421662,0,0,0.5040563426961504,0.7364451544816566,10.215872369805522,1,0,17.495528514730637,0.0,0,3.8918202981106265,9.799371338171834,0.0,7.696667081526462,0,11.088476294450215,0.0133792770421662,1.9459101490553132,1
000E7209DAFCBBDD351F4E2B433E7CFC2B5C03F56A2B9CE1CF0841EE27360257,0,0,0,0,0,0,0,0,0,0,0,0,0,0,0,0,0,0,0,0,0,0,0,0,0,0,0,0,0,0,0,0,0,0,1,1,0,0,1,1,2.405743306671502,1.791759469228055,0.0071649399925976,0,0,0.5017494619797761,0.7284247149642501,10.219507033852286,1,0,17.577096901387886,0.0,0,4.110873864173311,9.796014042914056,0.0,7.78155595923534,0,11.088476294450215,0.0071649399925976,1.9459101490553132,1
000E2DD97692D742C6F7C2989FF1349D0DBA2BAFABEBF1220DC252D0E36679A7,0,0,0,1,0,0,0,0,1,0,1,0,0,0,0,0,0,0,0,0,0,0,0,0,0,0,0,0,0,0,0,1,0,0,1,1,0,0,0,0,2.063590697315248,1.3862943611198906,0.0158567441237553,0,0,0.2844501737426769,0.7234557202935307,9.788669753529543,1,0,15.962236378985123,0.0,0,4.110873864173311,8.691395763294667,0.0,7.271703706887368,0,11.088476294450215,0.0158567441237553,1.791759469228055,1
000E2DD97692D742C6F7C2989FF1349D0DBA2BAFABEBF1220DC252D0E36679A7,0,0,0,1,0,0,0,0,1,0,1,0,0,0,0,0,0,0,0,0,0,0,0,0,0,0,0,0,0,0,0,1,0,0,1,1,0,0,0,0,2.334603287939879,2.1972245773362196,0.0238321939636714,0,0,0.4160897769326806,0.8612377199955898,10.03640187283244,1,0,15.95273645642978,0.0,0,3.8918202981106265,9.381937611491947,0.0,6.5722825426940075,0,11.088476294450215,0.0238321939636714,2.4849066497880004,1
000E2DD97692D742C6F7C2989FF1349D0DBA2BAFABEBF1220DC252D0E36679A7,0,0,0,1,0,0,0,0,1,0,1,0,0,0,0,0,0,0,0,0,0,0,0,0,0,0,0,0,0,0,0,1,0,0,1,1,0,0,0,0,2.063590697315248,1.3862943611198906,0.0158567441237553,0,0,0.2844501737426769,0.7234557202935307,9.788669753529543,1,0,15.962236378985123,0.0,0,4.110873864173311,8.691395763294667,0.0,7.271703706887368,0,11.088476294450215,0.0158567441237553,1.791759469228055,1
000E2DD97692D742C6F7C2989FF1349D0DBA2BAFABEBF1220DC252D0E36679A7,0,0,0,1,0,0,0,0,1,0,1,0,0,0,0,0,0,0,0,0,0,0,0,0,0,0,0,0,0,0,0,1,0,0,1,1,0,0,0,0,2.334603287939879,2.1972245773362196,0.0238321939636714,0,0,0.4160897769326806,0.8612377199955898,10.03640187283244,1,0,15.95273645642978,0.0,0,3.8918202981106265,9.381937611491947,0.0,6.5722825426940075,0,11.088476294450215,0.0238321939636714,2.4849066497880004,1
000D690021E538EBDB9C23EC8662C1CF59A874829FB1F59A9AF8A0F5B59FA815,0,0,0,0,0,0,0,0,0,0,0,0,0,0,0,0,0,0,0,0,0,0,0,0,0,0,0,0,0,0,0,0,0,0,1,0,0,0,0,0,2.6259458862480827,1.791759469228055,0.0242594074959429,0,0,0.3842352122086763,0.8056490942944471,9.944832192836088,1,0,15.654202912130415,0.0,0,4.110873864173311,9.19439991070877,0.0,6.461468176353717,0,11.088476294450215,0.0242594074959429,1.9459101490553132,1
00052B3AB096E61C3008AE77AA6C7DE22C28B08CFB61BCCDFC6128F373209139,0,1,0,1,1,1,0,0,0,1,0,1,0,1,1,0,0,0,0,0,1,0,0,0,0,0,1,0,1,0,0,0,1,1,1,1,1,0,0,1,2.295898991464027,2.4849066497880004,0.0053896918631463,0,0,0.3561139970734939,0.8659640249373919,9.984958014951747,1,0,17.811922394512862,0.0,0,3.044522437723423,9.144005159208383,0.0,8.668196064952765,0,11.088476294450215,0.0053896918631463,2.9444389791664403,1
00052B3AB096E61C3008AE77AA6C7DE22C28B08CFB61BCCDFC6128F373209139,0,1,0,1,1,1,0,0,0,1,0,1,0,1,1,0,0,0,0,0,1,0,0,0,0,0,1,0,1,0,0,0,1,1,1,1,1,0,0,1,2.1256081436360814,2.302585092994046,0.0051595187306431,0,0,0.4994916969103047,0.8249376279302204,10.212956878405215,1,0,17.795401909504317,0.0,0,3.8918202981106265,9.791426313596,0.0,8.004365564979574,0,11.088476294450215,0.0051595187306431,2.6390573296152584,1
00052B3AB096E61C3008AE77AA6C7DE22C28B08CFB61BCCDFC6128F373209139,0,1,0,1,1,1,0,0,0,1,0,1,0,1,1,0,0,0,0,0,1,0,0,0,0,0,1,0,1,0,0,0,1,1,1,1,1,0,0,1,2.295898991464027,2.4849066497880004,0.0053896918631463,0,0,0.3561139970734939,0.8659640249373919,9.984958014951747,1,0,17.811922394512862,0.0,0,3.044522437723423,9.144005159208383,0.0,8.668196064952765,0,11.088476294450215,0.0053896918631463,2.9444389791664403,1
00052B3AB096E61C3008AE77AA6C7DE22C28B08CFB61BCCDFC6128F373209139,0,1,0,1,1,1,0,0,0,1,0,1,0,1,1,0,0,0,0,0,1,0,0,0,0,0,1,0,1,0,0,0,1,1,1,1,1,0,0,1,2.1256081436360814,2.302585092994046,0.0051595187306431,0,0,0.4994916969103047,0.8249376279302204,10.212956878405215,1,0,17.795401909504317,0.0,0,3.8918202981106265,9.791426313596,0.0,8.004365564979574,0,11.088476294450215,0.0051595187306431,2.6390573296152584,1
000EE43BF6B49402AE1AAF6A6BD1A73FAB6C1D70DAD36AC9A0A622B93770F492,0,0,0,1,0,0,0,0,1,0,1,0,0,0,1,0,0,0,1,1,0,0,0,0,0,0,0,0,0,0,0,1,0,0,1,0,0,0,0,0,1.938673740564803,1.791759469228055,0.0120836837082222,0,0,0.4891163036972601,0.7557385886754365,10.188019144393744,1,0,16.86737218828278,0.0,0,3.044522437723423,9.733337695700383,0.0,7.134890851565884,0,11.088476294450215,0.0120836837082222,1.9459101490553132,1
0005082EE5323640027993C96117E03A8D2A6A5FE8A3CE4128E24E04174FBD9D,0,0,0,0,0,0,0,0,0,0,0,0,0,0,0,0,0,0,0,0,0,0,0,0,0,0,0,0,0,0,0,0,0,1,1,0,0,0,0,1,2.2793659036215574,1.9459101490553132,0.0183366471705536,0,0,0.4033905558726363,0.8154852540133842,10.000092852039526,1,0,15.96742158735788,0.0,0,4.110873864173311,9.30821823148869,0.0,6.660575149839686,0,11.088476294450215,0.0183366471705536,2.0794415416798357,1
000D485BE7A0A9768C0006D1B5DBFE494C08234A4D3041B3FAE5B167AB627D76,0,0,0,0,0,0,0,0,0,0,0,0,0,0,0,0,0,0,0,0,0,0,0,0,0,0,0,0,0,0,0,0,0,0,1,0,0,0,0,1,2.0021304586934794,1.791759469228055,0.0122897629012524,0,0,0.4495736408438248,0.7711870164958842,10.120669085613542,1,0,16.496647422492888,0.0,0,4.110873864173311,9.56037508701914,0.0,6.937314081223682,0,11.088476294450215,0.0122897629012524,1.9459101490553132,1
000F257D3E269DD0E241D2A910361CA8955702B3BA8ADEFEE30F78A6E8565E0B,0,0,0,1,0,0,0,0,1,0,1,0,0,0,1,0,0,0,0,1,0,0,0,0,0,0,0,0,0,0,0,1,0,0,1,0,0,0,0,1,2.161811301830665,2.0794415416798357,0.0129807228259867,0,0,0.4634832974491393,0.8665429571087636,10.14829732772888,1,0,16.699627852976665,0.0,0,3.8918202981106265,9.625577001458815,0.0,7.074963197966044,0,11.088476294450215,0.0129807228259867,2.3978952727983707,1
000371520366622D75A974E3DA635976A5F8D6569A5D2CAEB08BDAB46E842734,0,0,0,0,0,0,0,0,0,0,0,0,0,0,0,0,0,0,0,0,0,0,0,0,0,0,0,0,0,0,0,0,0,1,1,1,1,0,1,1,2.5785761616313305,1.9459101490553132,0.0145341264732367,0,0,0.4465283636308435,0.7495261220626176,10.148974225281084,1,0,17.235452360160455,0.0,0,3.8918202981106265,9.58013077291895,0.0,7.655864017616056,0,11.088476294450215,0.0145341264732367,2.0794415416798357,1
000371520366622D75A974E3DA635976A5F8D6569A5D2CAEB08BDAB46E842734,0,0,0,0,0,0,0,0,0,0,0,0,0,0,0,0,0,0,0,0,0,0,0,0,0,0,0,0,0,0,0,0,0,1,1,1,1,0,1,1,2.2863919766455933,2.3978952727983707,0.0075482165623672,0,0,0.3663660226519538,0.8193632097608329,9.976741808504022,1,0,17.252204161361895,0.0,0,3.8918202981106265,9.168979748625164,0.0,8.083637203141548,0,11.088476294450215,0.0075482165623672,2.70805020110221,1
000371520366622D75A974E3DA635976A5F8D6569A5D2CAEB08BDAB46E842734,0,0,0,0,0,0,0,0,0,0,0,0,0,0,0,0,0,0,0,0,0,0,0,0,0,0,0,0,0,0,0,0,0,1,1,1,1,0,0,1,2.5785761616313305,1.9459101490553132,0.0145341264732367,0,0,0.4465283636308435,0.7495261220626176,10.148974225281084,1,0,17.235452360160455,0.0,0,3.8918202981106265,9.58013077291895,0.0,7.655864017616056,0,11.088476294450215,0.0145341264732367,2.0794415416798357,1
000371520366622D75A974E3DA635976A5F8D6569A5D2CAEB08BDAB46E842734,0,0,0,0,0,0,0,0,0,0,0,0,0,0,0,0,0,0,0,0,0,0,0,0,0,0,0,0,0,0,0,0,0,1,1,1,1,0,0,1,2.2863919766455933,2.3978952727983707,0.0075482165623672,0,0,0.3663660226519538,0.8193632097608329,9.976741808504022,1,0,17.252204161361895,0.0,0,3.8918202981106265,9.168979748625164,0.0,8.083637203141548,0,11.088476294450215,0.0075482165623672,2.70805020110221,1
000D44B413E70C3C02D3BC6D8E8FA4B17CC82E800974EA705201CBB6932EA41C,0,0,0,0,0,0,0,0,0,0,0,0,0,0,0,0,0,0,0,0,0,0,0,0,0,0,0,0,0,0,0,0,0,0,1,0,0,0,0,1,2.0290746577195127,1.791759469228055,0.0074902398779046,0,0,0.4957267197039676,0.7505484317017412,10.204814175716054,1,0,17.402826307181193,0.0,0,3.044522437723423,9.766131530544016,0.0,7.637234388789473,0,11.088476294450215,0.0074902398779046,1.9459101490553132,1
000E3DD6B3F4044C09BDC1ACA170261A4F932618C561879282FC0A4027D5EC6F,1,1,0,1,1,1,1,0,1,1,1,1,1,1,1,1,0,1,0,1,1,1,0,1,0,0,1,1,1,1,0,1,1,1,1,0,0,0,0,0,2.294878370259006,2.1972245773362196,0.0071717546408333,0,0,0.4952757912471267,0.7539100013764323,10.245939110364471,1,0,18.170965971254255,0.0,0,3.8918202981106265,9.881477587798363,0.0,8.289790583181643,1,11.088476294450215,0.0071717546408333,2.5649493574615367,1
00051A313DB5B3A7CD9212CF20F731F3F2B36420EA663D7A9D9268B1B46A1BE1,0,0,0,0,0,0,0,0,0,0,0,0,0,0,0,0,0,0,0,0,0,0,0,0,0,0,0,0,0,0,0,0,0,1,1,0,0,0,0,1,2.013006271984789,1.9459101490553132,0.0042671527343015,0,0,0.4918689538882229,0.7508979446608901,10.219936344203964,1,0,17.270382536461398,0.0,0,4.110873864173311,9.8122511254292,0.0,7.45876269238096,0,11.088476294450215,0.0042671527343015,2.0794415416798357,1
000DA8DF57190725B074F7DE2B00A219C90BB09C1FDF5177CEF5CB9C1B5E95A7,0,0,0,1,0,0,0,0,0,0,0,0,0,0,1,0,0,0,0,0,0,0,0,0,0,0,0,0,0,0,0,0,0,0,1,0,0,0,0,0,2.39013377075959,1.9459101490553132,0.0086836501996371,0,0,0.5028360588674704,0.7453038055006826,10.220290931887543,1,0,17.447085105155733,0.0,0,4.110873864173311,9.800309123248033,0.0,7.647308832356238,0,11.088476294450215,0.0086836501996371,2.0794415416798357,1
000F8752D05F315689A96A59D22CAE508F00B24717A329B07AA1881E4E4EC6DA,0,0,0,0,0,0,0,0,0,0,0,0,0,0,0,0,0,0,0,0,0,0,0,0,0,0,0,0,0,0,0,0,0,1,1,0,0,0,0,1,2.0503539577884866,1.791759469228055,0.0210576843839075,0,0,0.3553082095342148,0.8137083047464145,9.82448737351939,1,0,15.38242377710896,0.0,0,4.110873864173311,8.982291745642506,0.0,6.401917196727186,0,11.088476294450215,0.0210576843839075,1.9459101490553132,1
000EF4DBFB190BAED04B24377C45A8B256199C98E7DAD0C76998BF4C06EA114A,0,0,0,1,0,0,0,0,0,0,0,0,0,0,0,0,0,0,0,0,0,0,0,0,0,0,0,0,0,0,0,0,0,0,1,0,0,0,0,0,2.2713071897572976,1.791759469228055,0.0181767906340806,0,0,0.4152370438330293,0.7976659209715414,10.021640163927316,1,0,15.899519776905086,0.0,0,4.110873864173311,9.364364110302796,0.0,6.536691597591305,0,11.088476294450215,0.0181767906340806,1.9459101490553132,1
00052B07359A510114592A57CCC471CE4B2EAEFBF964A15375D5F000882E09A1,0,0,0,0,0,0,0,0,0,0,0,0,0,0,0,0,0,0,0,0,0,0,0,0,0,0,0,0,0,0,0,0,0,0,1,0,0,0,0,1,2.323863498320128,1.791759469228055,0.0266105053823536,0,0,0.4045999954457557,0.7895766088898382,10.013361172307311,1,0,15.964965100621992,0.0,0,4.110873864173311,9.325178305283568,0.0,6.641182169740591,0,11.088476294450215,0.0266105053823536,1.9459101490553132,1
